ObjectId,Country,ISO2,ISO3,Indicator,Unit,Source,CTS_Code,CTS_Name,CTS_Full_Descriptor,F1980,F1981,F1982,F1983,F1984,F1985,F1986,F1987,F1988,F1989,F1990,F1991,F1992,F1993,F1994,F1995,F1996,F1997,F1998,F1999,F2000,F2001,F2002,F2003,F2004,F2005,F2006,F2007,F2008,F2009,F2010,F2011,F2012,F2013,F2014,F2015,F2016,F2017,F2018,F2019,F2020,F2021,F2022
5,"Afghanistan, Islamic Rep. of",AF,AFG,Storm,Number of,"The Emergency Events Database (EM-DAT) , Centre for Research on the Epidemiology of Disasters (CRED) / Université catholique de Louvain (UCLouvain), Brussels, Belgium – www.emdat.be. Accessed on 2023-03-31.",ECCD,Climate Related Disasters Frequency,"Environment, Climate Change, Climate Indicators, Climate Related Disasters Frequency",,,,,,,,,,,,,,1,,,,,,,,,,,,1,2,,,,,1,,,1,,,2,,,1,,
12,Albania,AL,ALB,Storm,Number of,"The Emergency Events Database (EM-DAT) , Centre for Research on the Epidemiology of Disasters (CRED) / Université catholique de Louvain (UCLouvain), Brussels, Belgium – www.emdat.be. Accessed on 2023-03-31.",ECCD,Climate Related Disasters Frequency,"Environment, Climate Change, Climate Indicators, Climate Related Disasters Frequency",,,,,,,,,,,,,,,,,,,,,,,1,,,1,,,,,,,,,,,,,,,,,
19,Algeria,DZ,DZA,Storm,Number of,"The Emergency Events Database (EM-DAT) , Centre for Research on the Epidemiology of Disasters (CRED) / Université catholique de Louvain (UCLouvain), Brussels, Belgium – www.emdat.be. Accessed on 2023-03-31.",ECCD,Climate Related Disasters Frequency,"Environment, Climate Change, Climate Indicators, Climate Related Disasters Frequency",,,,,,,,,1,,,,,,,,,,,,1,,,1,,1,,,,,,,,,,,,,,,,,
23,American Samoa,AS,ASM,Storm,Number of,"The Emergency Events Database (EM-DAT) , Centre for Research on the Epidemiology of Disasters (CRED) / Université catholique de Louvain (UCLouvain), Brussels, Belgium – www.emdat.be. Accessed on 2023-03-31.",ECCD,Climate Related Disasters Frequency,"Environment, Climate Change, Climate Indicators, Climate Related Disasters Frequency",,,,,,,,,,1,,,,,,,,,,,,,,,1,1,,,,,,,,,,,,,,,,,
29,Anguilla,AI,AIA,Storm,Number of,"The Emergency Events Database (EM-DAT) , Centre for Research on the Epidemiology of Disasters (CRED) / Université catholique de Louvain (UCLouvain), Brussels, Belgium – www.emdat.be. Accessed on 2023-03-31.",ECCD,Climate Related Disasters Frequency,"Environment, Climate Change, Climate Indicators, Climate Related Disasters Frequency",,,,,,,,,,,,,,,,,,,,1,,,,,,,,,,,,,,,,,,1,,,,,
32,Antigua and Barbuda,AG,ATG,Storm,Number of,"The Emergency Events Database (EM-DAT) , Centre for Research on the Epidemiology of Disasters (CRED) / Université catholique de Louvain (UCLouvain), Brussels, Belgium – www.emdat.be. Accessed on 2023-03-31.",ECCD,Climate Related Disasters Frequency,"Environment, Climate Change, Climate Indicators, Climate Related Disasters Frequency",,,,,,,,,,1,1,,,,,1,,,1,2,,,,,,,,,1,,1,,,,,,,1,,,,,
38,Argentina,AR,ARG,Storm,Number of,"The Emergency Events Database (EM-DAT) , Centre for Research on the Epidemiology of Disasters (CRED) / Université catholique de Louvain (UCLouvain), Brussels, Belgium – www.emdat.be. Accessed on 2023-03-31.",ECCD,Climate Related Disasters Frequency,"Environment, Climate Change, Climate Indicators, Climate Related Disasters Frequency",,,,,,,1,1,,,,,,1,,1,,,1,,2,2,1,1,,1,,,,1,,,2,1,,1,,,1,,1,,
45,"Armenia, Rep. of",AM,ARM,Storm,Number of,"The Emergency Events Database (EM-DAT) , Centre for Research on the Epidemiology of Disasters (CRED) / Université catholique de Louvain (UCLouvain), Brussels, Belgium – www.emdat.be. Accessed on 2023-03-31.",ECCD,Climate Related Disasters Frequency,"Environment, Climate Change, Climate Indicators, Climate Related Disasters Frequency",,,,,,,,,,,,,,,,,,,,,,,,,,,,,,,,,,1,,,,,1,1,1,,
51,Australia,AU,AUS,Storm,Number of,"The Emergency Events Database (EM-DAT) , Centre for Research on the Epidemiology of Disasters (CRED) / Université catholique de Louvain (UCLouvain), Brussels, Belgium – www.emdat.be. Accessed on 2023-03-31.",ECCD,Climate Related Disasters Frequency,"Environment, Climate Change, Climate Indicators, Climate Related Disasters Frequency",,,3,,,1,3,,1,2,1,2,2,2,4,4,6,,,4,3,3,3,5,3,2,3,1,1,2,3,1,,1,1,4,1,2,,,2,2,
57,Austria,AT,AUT,Storm,Number of,"The Emergency Events Database (EM-DAT) , Centre for Research on the Epidemiology of Disasters (CRED) / Université catholique de Louvain (UCLouvain), Brussels, Belgium – www.emdat.be. Accessed on 2023-03-31.",ECCD,Climate Related Disasters Frequency,"Environment, Climate Change, Climate Indicators, Climate Related Disasters Frequency",,1,,,1,,,,,,5,1,,1,1,,,,,,1,,2,,,,,1,1,1,,,,,,,,2,,1,,,1
65,Azores Island,,AZO,Storm,Number of,"The Emergency Events Database (EM-DAT) , Centre for Research on the Epidemiology of Disasters (CRED) / Université catholique de Louvain (UCLouvain), Brussels, Belgium – www.emdat.be. Accessed on 2023-03-31.",ECCD,Climate Related Disasters Frequency,"Environment, Climate Change, Climate Indicators, Climate Related Disasters Frequency",,,,,,,,,,,,,,,,,1,,,,,,,,,,,,,,,,,,,,,,,,,,
68,"Bahamas, The",BS,BHS,Storm,Number of,"The Emergency Events Database (EM-DAT) , Centre for Research on the Epidemiology of Disasters (CRED) / Université catholique de Louvain (UCLouvain), Brussels, Belgium – www.emdat.be. Accessed on 2023-03-31.",ECCD,Climate Related Disasters Frequency,"Environment, Climate Change, Climate Indicators, Climate Related Disasters Frequency",,,,,,,,,,,1,,1,,,1,,,,1,,1,,,3,1,,1,2,,,1,1,,,1,1,1,,1,,,
74,Bangladesh,BD,BGD,Storm,Number of,"The Emergency Events Database (EM-DAT) , Centre for Research on the Epidemiology of Disasters (CRED) / Université catholique de Louvain (UCLouvain), Brussels, Belgium – www.emdat.be. Accessed on 2023-03-31.",ECCD,Climate Related Disasters Frequency,"Environment, Climate Change, Climate Indicators, Climate Related Disasters Frequency",1,3,,4,,3,4,1,4,2,4,2,2,8,4,4,4,5,5,6,7,4,4,3,4,7,5,2,2,2,3,1,2,3,2,4,2,2,1,3,1,1,1
78,Barbados,BB,BRB,Storm,Number of,"The Emergency Events Database (EM-DAT) , Centre for Research on the Epidemiology of Disasters (CRED) / Université catholique de Louvain (UCLouvain), Brussels, Belgium – www.emdat.be. Accessed on 2023-03-31.",ECCD,Climate Related Disasters Frequency,"Environment, Climate Change, Climate Indicators, Climate Related Disasters Frequency",1,,,,,,,1,,,,,,,,1,,,,,,,1,,1,,,,,,1,,,,,,,1,,,,1,
82,"Belarus, Rep. of",BY,BLR,Storm,Number of,"The Emergency Events Database (EM-DAT) , Centre for Research on the Epidemiology of Disasters (CRED) / Université catholique de Louvain (UCLouvain), Brussels, Belgium – www.emdat.be. Accessed on 2023-03-31.",ECCD,Climate Related Disasters Frequency,"Environment, Climate Change, Climate Indicators, Climate Related Disasters Frequency",,,,,,,,,,,,,,,,,,1,,,,,,,,,,1,,,,,,,,,,,,,,,
86,Belgium,BE,BEL,Storm,Number of,"The Emergency Events Database (EM-DAT) , Centre for Research on the Epidemiology of Disasters (CRED) / Université catholique de Louvain (UCLouvain), Brussels, Belgium – www.emdat.be. Accessed on 2023-03-31.",ECCD,Climate Related Disasters Frequency,"Environment, Climate Change, Climate Indicators, Climate Related Disasters Frequency",,,,,1,1,,,,,6,,,,,1,,,1,2,,,1,,,,,1,1,,2,1,,2,1,,1,,1,,1,2,1
90,Belize,BZ,BLZ,Storm,Number of,"The Emergency Events Database (EM-DAT) , Centre for Research on the Epidemiology of Disasters (CRED) / Université catholique de Louvain (UCLouvain), Brussels, Belgium – www.emdat.be. Accessed on 2023-03-31.",ECCD,Climate Related Disasters Frequency,"Environment, Climate Change, Climate Indicators, Climate Related Disasters Frequency",,,,,,,,,,,,,,,,,,,1,,1,2,,,,2,,1,1,,1,,,,,,1,,,,1,,1
94,Benin,BJ,BEN,Storm,Number of,"The Emergency Events Database (EM-DAT) , Centre for Research on the Epidemiology of Disasters (CRED) / Université catholique de Louvain (UCLouvain), Brussels, Belgium – www.emdat.be. Accessed on 2023-03-31.",ECCD,Climate Related Disasters Frequency,"Environment, Climate Change, Climate Indicators, Climate Related Disasters Frequency",,,,,,,,,,,,,,,,,,,,,,,,,,,,,,1,,,,,,,,,,,,,
97,Bermuda,BM,BMU,Storm,Number of,"The Emergency Events Database (EM-DAT) , Centre for Research on the Epidemiology of Disasters (CRED) / Université catholique de Louvain (UCLouvain), Brussels, Belgium – www.emdat.be. Accessed on 2023-03-31.",ECCD,Climate Related Disasters Frequency,"Environment, Climate Change, Climate Indicators, Climate Related Disasters Frequency",,,,,,1,1,1,,1,,,,,,,,,,,,,,1,,,,,,,,,,,,,,,,,,,
100,Bhutan,BT,BTN,Storm,Number of,"The Emergency Events Database (EM-DAT) , Centre for Research on the Epidemiology of Disasters (CRED) / Université catholique de Louvain (UCLouvain), Brussels, Belgium – www.emdat.be. Accessed on 2023-03-31.",ECCD,Climate Related Disasters Frequency,"Environment, Climate Change, Climate Indicators, Climate Related Disasters Frequency",,,,,,,,,,,,,,,1,,,,,,,,,,,,,,,1,,,,,,,,,,,,,
107,Bolivia,BO,BOL,Storm,Number of,"The Emergency Events Database (EM-DAT) , Centre for Research on the Epidemiology of Disasters (CRED) / Université catholique de Louvain (UCLouvain), Brussels, Belgium – www.emdat.be. Accessed on 2023-03-31.",ECCD,Climate Related Disasters Frequency,"Environment, Climate Change, Climate Indicators, Climate Related Disasters Frequency",,,,,,,,,,,,,,,,,,,,,,,1,,,,,,1,,,,,,,,,,,,,,
114,Bosnia and Herzegovina,BA,BIH,Storm,Number of,"The Emergency Events Database (EM-DAT) , Centre for Research on the Epidemiology of Disasters (CRED) / Université catholique de Louvain (UCLouvain), Brussels, Belgium – www.emdat.be. Accessed on 2023-03-31.",ECCD,Climate Related Disasters Frequency,"Environment, Climate Change, Climate Indicators, Climate Related Disasters Frequency",,,,,,,,,,,,,,,,,,,,1,,,,,,1,,,,,,,,,,,,,,,,,
118,Botswana,BW,BWA,Storm,Number of,"The Emergency Events Database (EM-DAT) , Centre for Research on the Epidemiology of Disasters (CRED) / Université catholique de Louvain (UCLouvain), Brussels, Belgium – www.emdat.be. Accessed on 2023-03-31.",ECCD,Climate Related Disasters Frequency,"Environment, Climate Change, Climate Indicators, Climate Related Disasters Frequency",,,,,,,,,,,,,,,,,,,,,,,,,,,,,,1,,,,,,,,,,,,,
124,Brazil,BR,BRA,Storm,Number of,"The Emergency Events Database (EM-DAT) , Centre for Research on the Epidemiology of Disasters (CRED) / Université catholique de Louvain (UCLouvain), Brussels, Belgium – www.emdat.be. Accessed on 2023-03-31.",ECCD,Climate Related Disasters Frequency,"Environment, Climate Change, Climate Indicators, Climate Related Disasters Frequency",1,,1,,1,1,,,,1,,,,,1,,,1,,,,1,,,1,1,,,1,1,,,,1,,1,,,,,1,,
127,British Virgin Islands,VG,VGB,Storm,Number of,"The Emergency Events Database (EM-DAT) , Centre for Research on the Epidemiology of Disasters (CRED) / Université catholique de Louvain (UCLouvain), Brussels, Belgium – www.emdat.be. Accessed on 2023-03-31.",ECCD,Climate Related Disasters Frequency,"Environment, Climate Change, Climate Indicators, Climate Related Disasters Frequency",,,,,,,,,,,,,,,,,1,,,,,,,,,,,,,,,,,,,,,2,,,,,
134,Bulgaria,BG,BGR,Storm,Number of,"The Emergency Events Database (EM-DAT) , Centre for Research on the Epidemiology of Disasters (CRED) / Université catholique de Louvain (UCLouvain), Brussels, Belgium – www.emdat.be. Accessed on 2023-03-31.",ECCD,Climate Related Disasters Frequency,"Environment, Climate Change, Climate Indicators, Climate Related Disasters Frequency",,1,,,,,,,,,,,,1,,,,,,1,,1,,,,1,,,,,,,,,1,,,,,,,,
143,Burundi,BI,BDI,Storm,Number of,"The Emergency Events Database (EM-DAT) , Centre for Research on the Epidemiology of Disasters (CRED) / Université catholique de Louvain (UCLouvain), Brussels, Belgium – www.emdat.be. Accessed on 2023-03-31.",ECCD,Climate Related Disasters Frequency,"Environment, Climate Change, Climate Indicators, Climate Related Disasters Frequency",,,,,,,,,,,,,,,,,,,,1,,,,,2,,1,,,,1,1,,,,,,,,,1,,
147,Cabo Verde,CV,CPV,Storm,Number of,"The Emergency Events Database (EM-DAT) , Centre for Research on the Epidemiology of Disasters (CRED) / Université catholique de Louvain (UCLouvain), Brussels, Belgium – www.emdat.be. Accessed on 2023-03-31.",ECCD,Climate Related Disasters Frequency,"Environment, Climate Change, Climate Indicators, Climate Related Disasters Frequency",,,1,,1,,,,,,,,,,,,,,,,,,,,,,,,,,,,,,,1,,,,,,,
151,Cambodia,KH,KHM,Storm,Number of,"The Emergency Events Database (EM-DAT) , Centre for Research on the Epidemiology of Disasters (CRED) / Université catholique de Louvain (UCLouvain), Brussels, Belgium – www.emdat.be. Accessed on 2023-03-31.",ECCD,Climate Related Disasters Frequency,"Environment, Climate Change, Climate Indicators, Climate Related Disasters Frequency",,,,,,,,,,,,,,,,,,1,,,,,,,,,,,,2,,,,,,1,,,,,2,1,1
160,Canada,CA,CAN,Storm,Number of,"The Emergency Events Database (EM-DAT) , Centre for Research on the Epidemiology of Disasters (CRED) / Université catholique de Louvain (UCLouvain), Brussels, Belgium – www.emdat.be. Accessed on 2023-03-31.",ECCD,Climate Related Disasters Frequency,"Environment, Climate Change, Climate Indicators, Climate Related Disasters Frequency",,1,,,,1,1,1,,1,,1,,,2,1,1,1,1,2,1,1,,2,2,1,,2,,2,1,2,2,1,,,,,1,1,1,1,4
165,Canary Island,,SPI,Storm,Number of,"The Emergency Events Database (EM-DAT) , Centre for Research on the Epidemiology of Disasters (CRED) / Université catholique de Louvain (UCLouvain), Brussels, Belgium – www.emdat.be. Accessed on 2023-03-31.",ECCD,Climate Related Disasters Frequency,"Environment, Climate Change, Climate Indicators, Climate Related Disasters Frequency",,,,,,,,,,,,,,,,,,,,1,,,,,,1,,,,,,,,,,,,,,,,,
168,Cayman Islands,KY,CYM,Storm,Number of,"The Emergency Events Database (EM-DAT) , Centre for Research on the Epidemiology of Disasters (CRED) / Université catholique de Louvain (UCLouvain), Brussels, Belgium – www.emdat.be. Accessed on 2023-03-31.",ECCD,Climate Related Disasters Frequency,"Environment, Climate Change, Climate Indicators, Climate Related Disasters Frequency",,,,,,,,,,,,,,,,,,,,,,1,2,,2,,,,2,,,,,,,,,,,,,,
172,Central African Rep.,CF,CAF,Storm,Number of,"The Emergency Events Database (EM-DAT) , Centre for Research on the Epidemiology of Disasters (CRED) / Université catholique de Louvain (UCLouvain), Brussels, Belgium – www.emdat.be. Accessed on 2023-03-31.",ECCD,Climate Related Disasters Frequency,"Environment, Climate Change, Climate Indicators, Climate Related Disasters Frequency",,1,,,,,,,,,,,,,,,,,,,,1,,,,,,,,2,,1,2,1,,1,,1,,,,,
178,Chad,TD,TCD,Storm,Number of,"The Emergency Events Database (EM-DAT) , Centre for Research on the Epidemiology of Disasters (CRED) / Université catholique de Louvain (UCLouvain), Brussels, Belgium – www.emdat.be. Accessed on 2023-03-31.",ECCD,Climate Related Disasters Frequency,"Environment, Climate Change, Climate Indicators, Climate Related Disasters Frequency",,,,,,,,,1,,,,,,,,,,,,,,,,,,,1,,,,,,,,,,,,,,,
184,Chile,CL,CHL,Storm,Number of,"The Emergency Events Database (EM-DAT) , Centre for Research on the Epidemiology of Disasters (CRED) / Université catholique de Louvain (UCLouvain), Brussels, Belgium – www.emdat.be. Accessed on 2023-03-31.",ECCD,Climate Related Disasters Frequency,"Environment, Climate Change, Climate Indicators, Climate Related Disasters Frequency",,,,,2,,1,,,,,,2,,,,,2,,,,1,,,,1,,,,,,,,,,1,,,,,,1,
191,"China, P.R.: Hong Kong",HK,HKG,Storm,Number of,"The Emergency Events Database (EM-DAT) , Centre for Research on the Epidemiology of Disasters (CRED) / Université catholique de Louvain (UCLouvain), Brussels, Belgium – www.emdat.be. Accessed on 2023-03-31.",ECCD,Climate Related Disasters Frequency,"Environment, Climate Change, Climate Indicators, Climate Related Disasters Frequency",2,,1,2,,1,2,,1,2,,1,2,6,,,,1,,1,,,,2,,,,,3,1,1,,,,,,,2,1,,,2,
194,"China, P.R.: Macao",MO,MAC,Storm,Number of,"The Emergency Events Database (EM-DAT) , Centre for Research on the Epidemiology of Disasters (CRED) / Université catholique de Louvain (UCLouvain), Brussels, Belgium – www.emdat.be. Accessed on 2023-03-31.",ECCD,Climate Related Disasters Frequency,"Environment, Climate Change, Climate Indicators, Climate Related Disasters Frequency",,,,,,,,,,,,,,4,,,,,,,,,,,,,,,,,,,,,,,,2,,,,,
200,"China, P.R.: Mainland",CN,CHN,Storm,Number of,"The Emergency Events Database (EM-DAT) , Centre for Research on the Epidemiology of Disasters (CRED) / Université catholique de Louvain (UCLouvain), Brussels, Belgium – www.emdat.be. Accessed on 2023-03-31.",ECCD,Climate Related Disasters Frequency,"Environment, Climate Change, Climate Indicators, Climate Related Disasters Frequency",1,1,,5,2,3,7,6,4,7,11,5,8,11,5,6,8,5,5,9,10,10,6,5,7,14,8,6,9,10,6,5,8,15,16,17,13,9,12,4,4,7,1
206,Colombia,CO,COL,Storm,Number of,"The Emergency Events Database (EM-DAT) , Centre for Research on the Epidemiology of Disasters (CRED) / Université catholique de Louvain (UCLouvain), Brussels, Belgium – www.emdat.be. Accessed on 2023-03-31.",ECCD,Climate Related Disasters Frequency,"Environment, Climate Change, Climate Indicators, Climate Related Disasters Frequency",,,,1,,,1,,1,,,,,,,,,,,1,,1,,,,1,,,,,,,,,1,,,1,,,2,,1
211,"Comoros, Union of the",KM,COM,Storm,Number of,"The Emergency Events Database (EM-DAT) , Centre for Research on the Epidemiology of Disasters (CRED) / Université catholique de Louvain (UCLouvain), Brussels, Belgium – www.emdat.be. Accessed on 2023-03-31.",ECCD,Climate Related Disasters Frequency,"Environment, Climate Change, Climate Indicators, Climate Related Disasters Frequency",,,,1,,1,,1,,1,,,,,,,,,,,,,,1,,,,,,,,,,,1,,,,,2,,,
216,"Congo, Dem. Rep. of the",CD,COD,Storm,Number of,"The Emergency Events Database (EM-DAT) , Centre for Research on the Epidemiology of Disasters (CRED) / Université catholique de Louvain (UCLouvain), Brussels, Belgium – www.emdat.be. Accessed on 2023-03-31.",ECCD,Climate Related Disasters Frequency,"Environment, Climate Change, Climate Indicators, Climate Related Disasters Frequency",,,,,,,,,,,,,,,,,,,,,,,,2,,1,1,,1,,,,,,,,,,,,,,
222,Cook Islands,CK,COK,Storm,Number of,"The Emergency Events Database (EM-DAT) , Centre for Research on the Epidemiology of Disasters (CRED) / Université catholique de Louvain (UCLouvain), Brussels, Belgium – www.emdat.be. Accessed on 2023-03-31.",ECCD,Climate Related Disasters Frequency,"Environment, Climate Change, Climate Indicators, Climate Related Disasters Frequency",,1,,,,,,1,,,1,,,,,,,1,,,,1,,,,1,,,,,1,,,,,,,,,,,,
227,Costa Rica,CR,CRI,Storm,Number of,"The Emergency Events Database (EM-DAT) , Centre for Research on the Epidemiology of Disasters (CRED) / Université catholique de Louvain (UCLouvain), Brussels, Belgium – www.emdat.be. Accessed on 2023-03-31.",ECCD,Climate Related Disasters Frequency,"Environment, Climate Change, Climate Indicators, Climate Related Disasters Frequency",,,,,,,,,1,,,,,,,1,2,,1,,,,,,,1,,,1,,,,,,,,1,1,,,1,,1
237,"Croatia, Rep. of",HR,HRV,Storm,Number of,"The Emergency Events Database (EM-DAT) , Centre for Research on the Epidemiology of Disasters (CRED) / Université catholique de Louvain (UCLouvain), Brussels, Belgium – www.emdat.be. Accessed on 2023-03-31.",ECCD,Climate Related Disasters Frequency,"Environment, Climate Change, Climate Indicators, Climate Related Disasters Frequency",,,,,,,,,,,,,,,,,,,,,,,,,,1,,,,,,,,,,,,1,,,,,
242,Cuba,CU,CUB,Storm,Number of,"The Emergency Events Database (EM-DAT) , Centre for Research on the Epidemiology of Disasters (CRED) / Université catholique de Louvain (UCLouvain), Brussels, Belgium – www.emdat.be. Accessed on 2023-03-31.",ECCD,Climate Related Disasters Frequency,"Environment, Climate Change, Climate Indicators, Climate Related Disasters Frequency",1,,1,,,1,,,2,,,,,1,1,2,1,,1,1,,1,2,,2,2,1,2,4,,,,2,,,,1,1,2,1,2,2,2
247,Cyprus,CY,CYP,Storm,Number of,"The Emergency Events Database (EM-DAT) , Centre for Research on the Epidemiology of Disasters (CRED) / Université catholique de Louvain (UCLouvain), Brussels, Belgium – www.emdat.be. Accessed on 2023-03-31.",ECCD,Climate Related Disasters Frequency,"Environment, Climate Change, Climate Indicators, Climate Related Disasters Frequency",,,,1,,,,,,,,,,,,,,,,,,,,1,1,,,,,,,,,,,,,,,,,,
252,Czech Rep.,CZ,CZE,Storm,Number of,"The Emergency Events Database (EM-DAT) , Centre for Research on the Epidemiology of Disasters (CRED) / Université catholique de Louvain (UCLouvain), Brussels, Belgium – www.emdat.be. Accessed on 2023-03-31.",ECCD,Climate Related Disasters Frequency,"Environment, Climate Change, Climate Indicators, Climate Related Disasters Frequency",,,,,,,,,,,,,,,,,,,,,,,2,,,1,,1,1,1,,,,,,,,1,,,1,2,2
255,Denmark,DK,DNK,Storm,Number of,"The Emergency Events Database (EM-DAT) , Centre for Research on the Epidemiology of Disasters (CRED) / Université catholique de Louvain (UCLouvain), Brussels, Belgium – www.emdat.be. Accessed on 2023-03-31.",ECCD,Climate Related Disasters Frequency,"Environment, Climate Change, Climate Indicators, Climate Related Disasters Frequency",1,1,,1,,1,,,,,3,,,,,,,,,1,,,1,,,1,,1,,,1,,,2,,,,,,,,,1
259,Djibouti,DJ,DJI,Storm,Number of,"The Emergency Events Database (EM-DAT) , Centre for Research on the Epidemiology of Disasters (CRED) / Université catholique de Louvain (UCLouvain), Brussels, Belgium – www.emdat.be. Accessed on 2023-03-31.",ECCD,Climate Related Disasters Frequency,"Environment, Climate Change, Climate Indicators, Climate Related Disasters Frequency",,,,,,,,,,,,,,,,1,,,,,,,,,,,,,,,,,,,,,,,1,,,,
261,Dominica,DM,DMA,Storm,Number of,"The Emergency Events Database (EM-DAT) , Centre for Research on the Epidemiology of Disasters (CRED) / Université catholique de Louvain (UCLouvain), Brussels, Belgium – www.emdat.be. Accessed on 2023-03-31.",ECCD,Climate Related Disasters Frequency,"Environment, Climate Change, Climate Indicators, Climate Related Disasters Frequency",1,,,,1,,,,,1,,,,,,2,,,,1,,,,,,,,1,,,,1,,,,1,,1,,,,,
264,Dominican Rep.,DO,DOM,Storm,Number of,"The Emergency Events Database (EM-DAT) , Centre for Research on the Epidemiology of Disasters (CRED) / Université catholique de Louvain (UCLouvain), Brussels, Belgium – www.emdat.be. Accessed on 2023-03-31.",ECCD,Climate Related Disasters Frequency,"Environment, Climate Change, Climate Indicators, Climate Related Disasters Frequency",1,,,,,,1,1,,1,,,,,,2,1,,1,,,1,,1,3,1,,3,3,,1,2,2,,,1,1,3,1,,2,2,1
274,"Egypt, Arab Rep. of",EG,EGY,Storm,Number of,"The Emergency Events Database (EM-DAT) , Centre for Research on the Epidemiology of Disasters (CRED) / Université catholique de Louvain (UCLouvain), Brussels, Belgium – www.emdat.be. Accessed on 2023-03-31.",ECCD,Climate Related Disasters Frequency,"Environment, Climate Change, Climate Indicators, Climate Related Disasters Frequency",,,,,,,,1,,,,,,,,,,1,,,,,,,1,,,,,,1,,,,,2,1,,,,,,
280,El Salvador,SV,SLV,Storm,Number of,"The Emergency Events Database (EM-DAT) , Centre for Research on the Epidemiology of Disasters (CRED) / Université catholique de Louvain (UCLouvain), Brussels, Belgium – www.emdat.be. Accessed on 2023-03-31.",ECCD,Climate Related Disasters Frequency,"Environment, Climate Change, Climate Indicators, Climate Related Disasters Frequency",,,,,,,,,,,,,,,,,1,1,1,,1,,1,,,2,,1,,1,3,,,,,1,,1,,,3,,2
284,"Eritrea, The State of",ER,ERI,Storm,Number of,"The Emergency Events Database (EM-DAT) , Centre for Research on the Epidemiology of Disasters (CRED) / Université catholique de Louvain (UCLouvain), Brussels, Belgium – www.emdat.be. Accessed on 2023-03-31.",ECCD,Climate Related Disasters Frequency,"Environment, Climate Change, Climate Indicators, Climate Related Disasters Frequency",,,,,,,,,,,,,,1,,,,,,,,,,,,,,,,,,,,,,,,,,,,,
287,"Estonia, Rep. of",EE,EST,Storm,Number of,"The Emergency Events Database (EM-DAT) , Centre for Research on the Epidemiology of Disasters (CRED) / Université catholique de Louvain (UCLouvain), Brussels, Belgium – www.emdat.be. Accessed on 2023-03-31.",ECCD,Climate Related Disasters Frequency,"Environment, Climate Change, Climate Indicators, Climate Related Disasters Frequency",,,,,,,,,,,,,,,,,,,,,,,,,,1,,,,,,,,,,,,,,,,,
291,"Eswatini, Kingdom of",SZ,SWZ,Storm,Number of,"The Emergency Events Database (EM-DAT) , Centre for Research on the Epidemiology of Disasters (CRED) / Université catholique de Louvain (UCLouvain), Brussels, Belgium – www.emdat.be. Accessed on 2023-03-31.",ECCD,Climate Related Disasters Frequency,"Environment, Climate Change, Climate Indicators, Climate Related Disasters Frequency",,,,,1,,,,,,,,,,,,,,,,,,,,,1,1,,,,,,,,,,,,,,,1,1
301,"Fiji, Rep. of",FJ,FJI,Storm,Number of,"The Emergency Events Database (EM-DAT) , Centre for Research on the Epidemiology of Disasters (CRED) / Université catholique de Louvain (UCLouvain), Brussels, Belgium – www.emdat.be. Accessed on 2023-03-31.",ECCD,Climate Related Disasters Frequency,"Environment, Climate Change, Climate Indicators, Climate Related Disasters Frequency",1,1,,2,,3,1,1,,,1,,1,1,,,,1,,1,,1,,1,1,,1,2,1,1,1,,1,,,,2,,2,1,3,1,1
304,Finland,FI,FIN,Storm,Number of,"The Emergency Events Database (EM-DAT) , Centre for Research on the Epidemiology of Disasters (CRED) / Université catholique de Louvain (UCLouvain), Brussels, Belgium – www.emdat.be. Accessed on 2023-03-31.",ECCD,Climate Related Disasters Frequency,"Environment, Climate Change, Climate Indicators, Climate Related Disasters Frequency",,,,,,,,,,,2,,,,,,,,,,,,,,,,,,,,,,,,,,,,,,,,
310,France,FR,FRA,Storm,Number of,"The Emergency Events Database (EM-DAT) , Centre for Research on the Epidemiology of Disasters (CRED) / Université catholique de Louvain (UCLouvain), Brussels, Belgium – www.emdat.be. Accessed on 2023-03-31.",ECCD,Climate Related Disasters Frequency,"Environment, Climate Change, Climate Indicators, Climate Related Disasters Frequency",,,2,2,3,1,,1,,1,8,,2,2,,1,1,,1,3,1,2,2,2,1,,2,3,3,1,2,1,,2,4,1,,1,3,5,3,2,4
315,French Polynesia,PF,PYF,Storm,Number of,"The Emergency Events Database (EM-DAT) , Centre for Research on the Epidemiology of Disasters (CRED) / Université catholique de Louvain (UCLouvain), Brussels, Belgium – www.emdat.be. Accessed on 2023-03-31.",ECCD,Climate Related Disasters Frequency,"Environment, Climate Change, Climate Indicators, Climate Related Disasters Frequency",,,,2,,,,,,,,,,,,,,,,,,,,,,,,,,,1,,,,,,,,,,,,
318,Gabon,GA,GAB,Storm,Number of,"The Emergency Events Database (EM-DAT) , Centre for Research on the Epidemiology of Disasters (CRED) / Université catholique de Louvain (UCLouvain), Brussels, Belgium – www.emdat.be. Accessed on 2023-03-31.",ECCD,Climate Related Disasters Frequency,"Environment, Climate Change, Climate Indicators, Climate Related Disasters Frequency",,,,,,,,,,,,,,,,,,,,,,,,,,,,,,1,2,,,,,,,,,,,,
322,"Gambia, The",GM,GMB,Storm,Number of,"The Emergency Events Database (EM-DAT) , Centre for Research on the Epidemiology of Disasters (CRED) / Université catholique de Louvain (UCLouvain), Brussels, Belgium – www.emdat.be. Accessed on 2023-03-31.",ECCD,Climate Related Disasters Frequency,"Environment, Climate Change, Climate Indicators, Climate Related Disasters Frequency",,,,,,,,,,,,,,,,,,,,,,,,1,1,,,,1,1,,,,,,,,,,1,,1,
326,Georgia,GE,GEO,Storm,Number of,"The Emergency Events Database (EM-DAT) , Centre for Research on the Epidemiology of Disasters (CRED) / Université catholique de Louvain (UCLouvain), Brussels, Belgium – www.emdat.be. Accessed on 2023-03-31.",ECCD,Climate Related Disasters Frequency,"Environment, Climate Change, Climate Indicators, Climate Related Disasters Frequency",,,,,,,,,,,,,,,,,,,,,,1,,,,,,,,,,,1,1,,,,,,,,,
331,Germany,DE,DEU,Storm,Number of,"The Emergency Events Database (EM-DAT) , Centre for Research on the Epidemiology of Disasters (CRED) / Université catholique de Louvain (UCLouvain), Brussels, Belgium – www.emdat.be. Accessed on 2023-03-31.",ECCD,Climate Related Disasters Frequency,"Environment, Climate Change, Climate Indicators, Climate Related Disasters Frequency",,,,,,,,,,,6,1,,2,2,2,1,,1,2,,1,3,2,1,1,3,2,2,1,2,,,3,2,,,2,1,1,1,2,3
333,Germany Dem Rep (former),,DDR,Storm,Number of,"The Emergency Events Database (EM-DAT) , Centre for Research on the Epidemiology of Disasters (CRED) / Université catholique de Louvain (UCLouvain), Brussels, Belgium – www.emdat.be. Accessed on 2023-03-31.",ECCD,Climate Related Disasters Frequency,"Environment, Climate Change, Climate Indicators, Climate Related Disasters Frequency",,,,,2,1,,,,,,,,,,,,,,,,,,,,,,,,,,,,,,,,,,,,,
336,Germany Fed Rep (former),,DFR,Storm,Number of,"The Emergency Events Database (EM-DAT) , Centre for Research on the Epidemiology of Disasters (CRED) / Université catholique de Louvain (UCLouvain), Brussels, Belgium – www.emdat.be. Accessed on 2023-03-31.",ECCD,Climate Related Disasters Frequency,"Environment, Climate Change, Climate Indicators, Climate Related Disasters Frequency",,,,,2,1,,,,,,,,,,,,,,,,,,,,,,,,,,,,,,,,,,,,,
341,Ghana,GH,GHA,Storm,Number of,"The Emergency Events Database (EM-DAT) , Centre for Research on the Epidemiology of Disasters (CRED) / Université catholique de Louvain (UCLouvain), Brussels, Belgium – www.emdat.be. Accessed on 2023-03-31.",ECCD,Climate Related Disasters Frequency,"Environment, Climate Change, Climate Indicators, Climate Related Disasters Frequency",,,,,,,,,,,,,,,,,,,,,,,,,,,,,,,,,,,,,,1,,,,,
347,Greece,GR,GRC,Storm,Number of,"The Emergency Events Database (EM-DAT) , Centre for Research on the Epidemiology of Disasters (CRED) / Université catholique de Louvain (UCLouvain), Brussels, Belgium – www.emdat.be. Accessed on 2023-03-31.",ECCD,Climate Related Disasters Frequency,"Environment, Climate Change, Climate Indicators, Climate Related Disasters Frequency",,,,,,,,1,,,1,,,,,,,,,,,,1,,2,,1,,,,,,,,,,,,,1,,,
351,Grenada,GD,GRD,Storm,Number of,"The Emergency Events Database (EM-DAT) , Centre for Research on the Epidemiology of Disasters (CRED) / Université catholique de Louvain (UCLouvain), Brussels, Belgium – www.emdat.be. Accessed on 2023-03-31.",ECCD,Climate Related Disasters Frequency,"Environment, Climate Change, Climate Indicators, Climate Related Disasters Frequency",1,,,,,,,,,,1,,,,,,,,,1,,,1,,1,,,,,,,,,,,,,,,,,,
353,Guam,GU,GUM,Storm,Number of,"The Emergency Events Database (EM-DAT) , Centre for Research on the Epidemiology of Disasters (CRED) / Université catholique de Louvain (UCLouvain), Brussels, Belgium – www.emdat.be. Accessed on 2023-03-31.",ECCD,Climate Related Disasters Frequency,"Environment, Climate Change, Climate Indicators, Climate Related Disasters Frequency",,,,,,,,1,,,,,1,,,,,1,,,,,2,,2,,,,,,,,,,,,,,,,,,
359,Guatemala,GT,GTM,Storm,Number of,"The Emergency Events Database (EM-DAT) , Centre for Research on the Epidemiology of Disasters (CRED) / Université catholique de Louvain (UCLouvain), Brussels, Belgium – www.emdat.be. Accessed on 2023-03-31.",ECCD,Climate Related Disasters Frequency,"Environment, Climate Change, Climate Indicators, Climate Related Disasters Frequency",,,,,,,,,,,,,,,,,1,,1,,,1,1,,,1,,1,1,,3,1,,,1,,1,1,,2,3,,1
365,Guinea,GN,GIN,Storm,Number of,"The Emergency Events Database (EM-DAT) , Centre for Research on the Epidemiology of Disasters (CRED) / Université catholique de Louvain (UCLouvain), Brussels, Belgium – www.emdat.be. Accessed on 2023-03-31.",ECCD,Climate Related Disasters Frequency,"Environment, Climate Change, Climate Indicators, Climate Related Disasters Frequency",,,,,,,,,,,,,,,,,,,,,1,,,,,,,,,,,,,,,,,,,,,,
370,Guinea-Bissau,GW,GNB,Storm,Number of,"The Emergency Events Database (EM-DAT) , Centre for Research on the Epidemiology of Disasters (CRED) / Université catholique de Louvain (UCLouvain), Brussels, Belgium – www.emdat.be. Accessed on 2023-03-31.",ECCD,Climate Related Disasters Frequency,"Environment, Climate Change, Climate Indicators, Climate Related Disasters Frequency",,,,,,,,1,,,,,,1,,,,,,,,,,,,,,,,,,,,,,,,,1,,,,
379,Haiti,HT,HTI,Storm,Number of,"The Emergency Events Database (EM-DAT) , Centre for Research on the Epidemiology of Disasters (CRED) / Université catholique de Louvain (UCLouvain), Brussels, Belgium – www.emdat.be. Accessed on 2023-03-31.",ECCD,Climate Related Disasters Frequency,"Environment, Climate Change, Climate Indicators, Climate Related Disasters Frequency",1,,,,,,,,1,,1,,,,1,,2,,1,,,1,1,1,2,5,1,3,4,,2,2,2,,,1,1,3,,,1,2,
383,Honduras,HN,HND,Storm,Number of,"The Emergency Events Database (EM-DAT) , Centre for Research on the Epidemiology of Disasters (CRED) / Université catholique de Louvain (UCLouvain), Brussels, Belgium – www.emdat.be. Accessed on 2023-03-31.",ECCD,Climate Related Disasters Frequency,"Environment, Climate Change, Climate Indicators, Climate Related Disasters Frequency",,,1,,,,,,1,,,,,,,1,2,,1,,,1,,,,4,,1,1,,2,,,,,,1,1,,,3,,1
389,Hungary,HU,HUN,Storm,Number of,"The Emergency Events Database (EM-DAT) , Centre for Research on the Epidemiology of Disasters (CRED) / Université catholique de Louvain (UCLouvain), Brussels, Belgium – www.emdat.be. Accessed on 2023-03-31.",ECCD,Climate Related Disasters Frequency,"Environment, Climate Change, Climate Indicators, Climate Related Disasters Frequency",,,,,1,,,,,,,,,,,,,,,1,,,,1,,1,1,,,,,,,1,,,,1,,1,,,
398,India,IN,IND,Storm,Number of,"The Emergency Events Database (EM-DAT) , Centre for Research on the Epidemiology of Disasters (CRED) / Université catholique de Louvain (UCLouvain), Brussels, Belgium – www.emdat.be. Accessed on 2023-03-31.",ECCD,Climate Related Disasters Frequency,"Environment, Climate Change, Climate Indicators, Climate Related Disasters Frequency",2,4,2,5,2,2,5,4,1,2,5,1,2,2,2,2,4,1,4,3,2,3,4,7,,4,2,1,1,6,7,3,1,5,5,6,3,5,11,5,4,5,2
404,Indonesia,ID,IDN,Storm,Number of,"The Emergency Events Database (EM-DAT) , Centre for Research on the Epidemiology of Disasters (CRED) / Université catholique de Louvain (UCLouvain), Brussels, Belgium – www.emdat.be. Accessed on 2023-03-31.",ECCD,Climate Related Disasters Frequency,"Environment, Climate Change, Climate Indicators, Climate Related Disasters Frequency",1,,1,,,1,,,,,,,,,,,,,,,,,,,2,,,,,,,,2,,,,,1,,,,1,
410,"Iran, Islamic Rep. of",IR,IRN,Storm,Number of,"The Emergency Events Database (EM-DAT) , Centre for Research on the Epidemiology of Disasters (CRED) / Université catholique de Louvain (UCLouvain), Brussels, Belgium – www.emdat.be. Accessed on 2023-03-31.",ECCD,Climate Related Disasters Frequency,"Environment, Climate Change, Climate Indicators, Climate Related Disasters Frequency",,1,,,,,,,,,,1,1,1,,,1,,,,1,,,,1,1,,1,1,,,,,,,,1,,,,,2,
415,Iraq,IQ,IRQ,Storm,Number of,"The Emergency Events Database (EM-DAT) , Centre for Research on the Epidemiology of Disasters (CRED) / Université catholique de Louvain (UCLouvain), Brussels, Belgium – www.emdat.be. Accessed on 2023-03-31.",ECCD,Climate Related Disasters Frequency,"Environment, Climate Change, Climate Indicators, Climate Related Disasters Frequency",,,,,,,,,,,,,,,,,,,,,,,,,,,,,,,,,,,,,,,,,,,1
418,Ireland,IE,IRL,Storm,Number of,"The Emergency Events Database (EM-DAT) , Centre for Research on the Epidemiology of Disasters (CRED) / Université catholique de Louvain (UCLouvain), Brussels, Belgium – www.emdat.be. Accessed on 2023-03-31.",ECCD,Climate Related Disasters Frequency,"Environment, Climate Change, Climate Indicators, Climate Related Disasters Frequency",,,,1,,,1,,,,3,1,,,,,1,,1,1,1,,,,1,1,,,,,,,,,1,1,,,1,,1,,1
420,Isle of Man,IM,IMN,Storm,Number of,"The Emergency Events Database (EM-DAT) , Centre for Research on the Epidemiology of Disasters (CRED) / Université catholique de Louvain (UCLouvain), Brussels, Belgium – www.emdat.be. Accessed on 2023-03-31.",ECCD,Climate Related Disasters Frequency,"Environment, Climate Change, Climate Indicators, Climate Related Disasters Frequency",,,,,,,,,,,,,,,,,,,,,,,,,,,,,,,,,,,,,,,,,1,,
425,Israel,IL,ISR,Storm,Number of,"The Emergency Events Database (EM-DAT) , Centre for Research on the Epidemiology of Disasters (CRED) / Université catholique de Louvain (UCLouvain), Brussels, Belgium – www.emdat.be. Accessed on 2023-03-31.",ECCD,Climate Related Disasters Frequency,"Environment, Climate Change, Climate Indicators, Climate Related Disasters Frequency",,,,,,,,,,,,1,,,,,,,,,1,,,,,,,,,,,,,1,,1,,,,,,,
432,Italy,IT,ITA,Storm,Number of,"The Emergency Events Database (EM-DAT) , Centre for Research on the Epidemiology of Disasters (CRED) / Université catholique de Louvain (UCLouvain), Brussels, Belgium – www.emdat.be. Accessed on 2023-03-31.",ECCD,Climate Related Disasters Frequency,"Environment, Climate Change, Climate Indicators, Climate Related Disasters Frequency",,,,,,,,3,,,1,,,1,1,,,1,,,,1,,,1,,1,,,1,1,,,,1,1,,2,1,3,3,,1
437,Jamaica,JM,JAM,Storm,Number of,"The Emergency Events Database (EM-DAT) , Centre for Research on the Epidemiology of Disasters (CRED) / Université catholique de Louvain (UCLouvain), Brussels, Belgium – www.emdat.be. Accessed on 2023-03-31.",ECCD,Climate Related Disasters Frequency,"Environment, Climate Change, Climate Indicators, Climate Related Disasters Frequency",1,,,,,1,,,1,,,,,,1,,1,,,,,1,2,,2,3,,2,2,,1,,1,,,,1,1,,,,,
442,Japan,JP,JPN,Storm,Number of,"The Emergency Events Database (EM-DAT) , Centre for Research on the Epidemiology of Disasters (CRED) / Université catholique de Louvain (UCLouvain), Brussels, Belgium – www.emdat.be. Accessed on 2023-03-31.",ECCD,Climate Related Disasters Frequency,"Environment, Climate Change, Climate Indicators, Climate Related Disasters Frequency",1,4,4,2,,2,2,1,,2,2,5,2,3,3,1,1,2,5,1,3,4,5,2,8,3,3,3,,2,,3,6,7,9,6,4,3,3,4,3,1,4
448,Jordan,JO,JOR,Storm,Number of,"The Emergency Events Database (EM-DAT) , Centre for Research on the Epidemiology of Disasters (CRED) / Université catholique de Louvain (UCLouvain), Brussels, Belgium – www.emdat.be. Accessed on 2023-03-31.",ECCD,Climate Related Disasters Frequency,"Environment, Climate Change, Climate Indicators, Climate Related Disasters Frequency",,,,,,,,,,,,1,,,,,,,,,1,,1,,,,,,,,,,,,,,,,,,,,
454,"Kazakhstan, Rep. of",KZ,KAZ,Storm,Number of,"The Emergency Events Database (EM-DAT) , Centre for Research on the Epidemiology of Disasters (CRED) / Université catholique de Louvain (UCLouvain), Brussels, Belgium – www.emdat.be. Accessed on 2023-03-31.",ECCD,Climate Related Disasters Frequency,"Environment, Climate Change, Climate Indicators, Climate Related Disasters Frequency",,,,,,,,,,,,,,,,1,,,,,,,,,,,,,,,,,,,,,,,,,,,
460,Kenya,KE,KEN,Storm,Number of,"The Emergency Events Database (EM-DAT) , Centre for Research on the Epidemiology of Disasters (CRED) / Université catholique de Louvain (UCLouvain), Brussels, Belgium – www.emdat.be. Accessed on 2023-03-31.",ECCD,Climate Related Disasters Frequency,"Environment, Climate Change, Climate Indicators, Climate Related Disasters Frequency",,,,,,,,,1,,,,,,,,,,,,,,,,,,,,,,,,,,,,,,,,,,
464,Kiribati,KI,KIR,Storm,Number of,"The Emergency Events Database (EM-DAT) , Centre for Research on the Epidemiology of Disasters (CRED) / Université catholique de Louvain (UCLouvain), Brussels, Belgium – www.emdat.be. Accessed on 2023-03-31.",ECCD,Climate Related Disasters Frequency,"Environment, Climate Change, Climate Indicators, Climate Related Disasters Frequency",,,,,,,,,,,,,,,,,,,,,,,,,,,,,,,,,,,,1,,,,,,,
469,"Korea, Dem. People's Rep. of",KP,PRK,Storm,Number of,"The Emergency Events Database (EM-DAT) , Centre for Research on the Epidemiology of Disasters (CRED) / Université catholique de Louvain (UCLouvain), Brussels, Belgium – www.emdat.be. Accessed on 2023-03-31.",ECCD,Climate Related Disasters Frequency,"Environment, Climate Change, Climate Indicators, Climate Related Disasters Frequency",,,,,,,,,,,,,,1,,,,1,,,1,,1,,,,,1,,,1,1,1,,,,,,1,1,,,
475,"Korea, Rep. of",KR,KOR,Storm,Number of,"The Emergency Events Database (EM-DAT) , Centre for Research on the Epidemiology of Disasters (CRED) / Université catholique de Louvain (UCLouvain), Brussels, Belgium – www.emdat.be. Accessed on 2023-03-31.",ECCD,Climate Related Disasters Frequency,"Environment, Climate Change, Climate Indicators, Climate Related Disasters Frequency",2,1,2,,,1,1,2,,1,1,1,1,1,1,2,,,3,1,2,1,3,1,4,3,,1,,,1,,3,,2,,1,,,3,3,1,1
484,Kyrgyz Rep.,KG,KGZ,Storm,Number of,"The Emergency Events Database (EM-DAT) , Centre for Research on the Epidemiology of Disasters (CRED) / Université catholique de Louvain (UCLouvain), Brussels, Belgium – www.emdat.be. Accessed on 2023-03-31.",ECCD,Climate Related Disasters Frequency,"Environment, Climate Change, Climate Indicators, Climate Related Disasters Frequency",,,,,,,,,,,,,,,,,,,,,,,,,,,1,,,,,,,,1,,,,,,,,
488,Lao People's Dem. Rep.,LA,LAO,Storm,Number of,"The Emergency Events Database (EM-DAT) , Centre for Research on the Epidemiology of Disasters (CRED) / Université catholique de Louvain (UCLouvain), Brussels, Belgium – www.emdat.be. Accessed on 2023-03-31.",ECCD,Climate Related Disasters Frequency,"Environment, Climate Change, Climate Indicators, Climate Related Disasters Frequency",,,,,,,,,,,,1,1,1,,1,,,,,,,,,,,,,,1,,,,,,,,1,2,,2,1,
491,Latvia,LV,LVA,Storm,Number of,"The Emergency Events Database (EM-DAT) , Centre for Research on the Epidemiology of Disasters (CRED) / Université catholique de Louvain (UCLouvain), Brussels, Belgium – www.emdat.be. Accessed on 2023-03-31.",ECCD,Climate Related Disasters Frequency,"Environment, Climate Change, Climate Indicators, Climate Related Disasters Frequency",,,,,,,,,,,,,,,,,,,,1,,,,,,2,,,,,,,,,,,,,,,,,
495,Lebanon,LB,LBN,Storm,Number of,"The Emergency Events Database (EM-DAT) , Centre for Research on the Epidemiology of Disasters (CRED) / Université catholique de Louvain (UCLouvain), Brussels, Belgium – www.emdat.be. Accessed on 2023-03-31.",ECCD,Climate Related Disasters Frequency,"Environment, Climate Change, Climate Indicators, Climate Related Disasters Frequency",,,,,,,,,,,,,1,,,,,,,,,,1,,,,,,,,,,,,,3,,,1,1,,,
500,"Lesotho, Kingdom of",LS,LSO,Storm,Number of,"The Emergency Events Database (EM-DAT) , Centre for Research on the Epidemiology of Disasters (CRED) / Université catholique de Louvain (UCLouvain), Brussels, Belgium – www.emdat.be. Accessed on 2023-03-31.",ECCD,Climate Related Disasters Frequency,"Environment, Climate Change, Climate Indicators, Climate Related Disasters Frequency",,,,,,,,,,1,,,,,,,1,,,,,2,,,,,,,1,,,,,,1,,,,,,,1,
505,Liberia,LR,LBR,Storm,Number of,"The Emergency Events Database (EM-DAT) , Centre for Research on the Epidemiology of Disasters (CRED) / Université catholique de Louvain (UCLouvain), Brussels, Belgium – www.emdat.be. Accessed on 2023-03-31.",ECCD,Climate Related Disasters Frequency,"Environment, Climate Change, Climate Indicators, Climate Related Disasters Frequency",,,,,,,,,,,,,,,,1,,,,,,,,,,,,1,,,,,,,,,,,,,,,
512,Lithuania,LT,LTU,Storm,Number of,"The Emergency Events Database (EM-DAT) , Centre for Research on the Epidemiology of Disasters (CRED) / Université catholique de Louvain (UCLouvain), Brussels, Belgium – www.emdat.be. Accessed on 2023-03-31.",ECCD,Climate Related Disasters Frequency,"Environment, Climate Change, Climate Indicators, Climate Related Disasters Frequency",,,,,,,,,,,,,,1,,,,,,1,,,,,,1,,,,,,,,,,,,,,,,,
516,Luxembourg,LU,LUX,Storm,Number of,"The Emergency Events Database (EM-DAT) , Centre for Research on the Epidemiology of Disasters (CRED) / Université catholique de Louvain (UCLouvain), Brussels, Belgium – www.emdat.be. Accessed on 2023-03-31.",ECCD,Climate Related Disasters Frequency,"Environment, Climate Change, Climate Indicators, Climate Related Disasters Frequency",,,,,,,,,,,6,,,,,1,,,,,,,,,,,,,,,1,,,,,,,,,1,,,
520,"Madagascar, Rep. of",MG,MDG,Storm,Number of,"The Emergency Events Database (EM-DAT) , Centre for Research on the Epidemiology of Disasters (CRED) / Université catholique de Louvain (UCLouvain), Brussels, Belgium – www.emdat.be. Accessed on 2023-03-31.",ECCD,Climate Related Disasters Frequency,"Environment, Climate Change, Climate Indicators, Climate Related Disasters Frequency",,1,1,1,1,,1,,,1,,1,,,3,,1,2,,,2,,3,3,2,1,2,3,3,3,1,1,3,2,1,2,,1,2,2,1,1,6
525,Malawi,MW,MWI,Storm,Number of,"The Emergency Events Database (EM-DAT) , Centre for Research on the Epidemiology of Disasters (CRED) / Université catholique de Louvain (UCLouvain), Brussels, Belgium – www.emdat.be. Accessed on 2023-03-31.",ECCD,Climate Related Disasters Frequency,"Environment, Climate Change, Climate Indicators, Climate Related Disasters Frequency",,,,,,,,,,,,,,,,,,,,,,,,,,1,,,,,,,1,,,1,,,,,,1,2
530,Malaysia,MY,MYS,Storm,Number of,"The Emergency Events Database (EM-DAT) , Centre for Research on the Epidemiology of Disasters (CRED) / Université catholique de Louvain (UCLouvain), Brussels, Belgium – www.emdat.be. Accessed on 2023-03-31.",ECCD,Climate Related Disasters Frequency,"Environment, Climate Change, Climate Indicators, Climate Related Disasters Frequency",,,,,,,,,,,,,,,,,1,1,,,1,,1,,2,,,,,,,,,,,,,1,,,,,
534,Maldives,MV,MDV,Storm,Number of,"The Emergency Events Database (EM-DAT) , Centre for Research on the Epidemiology of Disasters (CRED) / Université catholique de Louvain (UCLouvain), Brussels, Belgium – www.emdat.be. Accessed on 2023-03-31.",ECCD,Climate Related Disasters Frequency,"Environment, Climate Change, Climate Indicators, Climate Related Disasters Frequency",,,,,,,,,,,,1,,,,,,,,,,,,,,,,,,,,,,,,,,,,,,1,
541,"Marshall Islands, Rep. of the",MH,MHL,Storm,Number of,"The Emergency Events Database (EM-DAT) , Centre for Research on the Epidemiology of Disasters (CRED) / Université catholique de Louvain (UCLouvain), Brussels, Belgium – www.emdat.be. Accessed on 2023-03-31.",ECCD,Climate Related Disasters Frequency,"Environment, Climate Change, Climate Indicators, Climate Related Disasters Frequency",,,,,,,,,,,,1,,,,,,,,,,,,,,,,,,,,,,,,,,,1,,,,
545,"Mauritania, Islamic Rep. of",MR,MRT,Storm,Number of,"The Emergency Events Database (EM-DAT) , Centre for Research on the Epidemiology of Disasters (CRED) / Université catholique de Louvain (UCLouvain), Brussels, Belgium – www.emdat.be. Accessed on 2023-03-31.",ECCD,Climate Related Disasters Frequency,"Environment, Climate Change, Climate Indicators, Climate Related Disasters Frequency",,,,,,,,,,,,1,,,,,,,,1,,,,,,,,,,,,,,,,,,1,,,,,
549,Mauritius,MU,MUS,Storm,Number of,"The Emergency Events Database (EM-DAT) , Centre for Research on the Epidemiology of Disasters (CRED) / Université catholique de Louvain (UCLouvain), Brussels, Belgium – www.emdat.be. Accessed on 2023-03-31.",ECCD,Climate Related Disasters Frequency,"Environment, Climate Change, Climate Indicators, Climate Related Disasters Frequency",,,2,1,,,,,,1,,1,,,1,,1,,,1,,,1,,,,,1,,,,,,,,,,,1,,,,1
555,Mexico,MX,MEX,Storm,Number of,"The Emergency Events Database (EM-DAT) , Centre for Research on the Epidemiology of Disasters (CRED) / Université catholique de Louvain (UCLouvain), Brussels, Belgium – www.emdat.be. Accessed on 2023-03-31.",ECCD,Climate Related Disasters Frequency,"Environment, Climate Change, Climate Indicators, Climate Related Disasters Frequency",,1,1,2,1,,,,3,,1,1,1,5,,5,4,3,4,1,2,5,3,2,,4,3,4,1,2,4,5,2,4,6,3,2,4,2,3,5,7,3
560,"Micronesia, Federated States of",FM,FSM,Storm,Number of,"The Emergency Events Database (EM-DAT) , Centre for Research on the Epidemiology of Disasters (CRED) / Université catholique de Louvain (UCLouvain), Brussels, Belgium – www.emdat.be. Accessed on 2023-03-31.",ECCD,Climate Related Disasters Frequency,"Environment, Climate Change, Climate Indicators, Climate Related Disasters Frequency",,,,,,,,1,,,,,,,,,,,,,,,2,1,1,,,,,,,,,,,1,,,,1,,,
565,"Moldova, Rep. of",MD,MDA,Storm,Number of,"The Emergency Events Database (EM-DAT) , Centre for Research on the Epidemiology of Disasters (CRED) / Université catholique de Louvain (UCLouvain), Brussels, Belgium – www.emdat.be. Accessed on 2023-03-31.",ECCD,Climate Related Disasters Frequency,"Environment, Climate Change, Climate Indicators, Climate Related Disasters Frequency",,,,,,,,,,,,,,,1,,,,,,1,,,,,,,,,,,,,,,,,,,,,,
571,Mongolia,MN,MNG,Storm,Number of,"The Emergency Events Database (EM-DAT) , Centre for Research on the Epidemiology of Disasters (CRED) / Université catholique de Louvain (UCLouvain), Brussels, Belgium – www.emdat.be. Accessed on 2023-03-31.",ECCD,Climate Related Disasters Frequency,"Environment, Climate Change, Climate Indicators, Climate Related Disasters Frequency",,,,,,,,,,,1,1,,1,,,,,,,2,1,2,,,,,,1,,,,,,,,,,1,1,1,1,
578,Montserrat,MS,MSR,Storm,Number of,"The Emergency Events Database (EM-DAT) , Centre for Research on the Epidemiology of Disasters (CRED) / Université catholique de Louvain (UCLouvain), Brussels, Belgium – www.emdat.be. Accessed on 2023-03-31.",ECCD,Climate Related Disasters Frequency,"Environment, Climate Change, Climate Indicators, Climate Related Disasters Frequency",,,,,,,,,,1,1,,,,,1,,,,,,,,,,,,,,,,,,,,,,,,,,,
584,Morocco,MA,MAR,Storm,Number of,"The Emergency Events Database (EM-DAT) , Centre for Research on the Epidemiology of Disasters (CRED) / Université catholique de Louvain (UCLouvain), Brussels, Belgium – www.emdat.be. Accessed on 2023-03-31.",ECCD,Climate Related Disasters Frequency,"Environment, Climate Change, Climate Indicators, Climate Related Disasters Frequency",,,,,,,,,,,,,,,,,1,,,,,,,,,1,,,,,,,,,2,,,,,,,,
589,"Mozambique, Rep. of",MZ,MOZ,Storm,Number of,"The Emergency Events Database (EM-DAT) , Centre for Research on the Epidemiology of Disasters (CRED) / Université catholique de Louvain (UCLouvain), Brussels, Belgium – www.emdat.be. Accessed on 2023-03-31.",ECCD,Climate Related Disasters Frequency,"Environment, Climate Change, Climate Indicators, Climate Related Disasters Frequency",,,,,1,1,,,1,,,,,,1,,1,1,,,4,,1,1,,,,1,1,1,,1,3,,,,1,1,,2,,1,3
594,Myanmar,MM,MMR,Storm,Number of,"The Emergency Events Database (EM-DAT) , Centre for Research on the Epidemiology of Disasters (CRED) / Université catholique de Louvain (UCLouvain), Brussels, Belgium – www.emdat.be. Accessed on 2023-03-31.",ECCD,Climate Related Disasters Frequency,"Environment, Climate Change, Climate Indicators, Climate Related Disasters Frequency",,,1,,,,,,,,,,,,1,,,,,,,,,,1,,1,,1,,1,,,,,1,2,1,,,,,
604,Nepal,NP,NPL,Storm,Number of,"The Emergency Events Database (EM-DAT) , Centre for Research on the Epidemiology of Disasters (CRED) / Université catholique de Louvain (UCLouvain), Brussels, Belgium – www.emdat.be. Accessed on 2023-03-31.",ECCD,Climate Related Disasters Frequency,"Environment, Climate Change, Climate Indicators, Climate Related Disasters Frequency",,,,,,,1,,1,,,1,,,,,1,,,,,,,,,,,,,,,,,,1,,,,,1,,,1
607,Netherlands Antilles,AN,ANT,Storm,Number of,"The Emergency Events Database (EM-DAT) , Centre for Research on the Epidemiology of Disasters (CRED) / Université catholique de Louvain (UCLouvain), Brussels, Belgium – www.emdat.be. Accessed on 2023-03-31.",ECCD,Climate Related Disasters Frequency,"Environment, Climate Change, Climate Indicators, Climate Related Disasters Frequency",,,,,,,,,,1,,,,,,1,,,,,,,,,,,,,,,,,,,,,,,,,,,
611,"Netherlands, The",NL,NLD,Storm,Number of,"The Emergency Events Database (EM-DAT) , Centre for Research on the Epidemiology of Disasters (CRED) / Université catholique de Louvain (UCLouvain), Brussels, Belgium – www.emdat.be. Accessed on 2023-03-31.",ECCD,Climate Related Disasters Frequency,"Environment, Climate Change, Climate Indicators, Climate Related Disasters Frequency",,,,,1,1,1,,,,6,,,,1,1,,1,1,,,,1,,,1,,1,1,,1,,,3,,,1,,1,,,1,1
613,New Caledonia,NC,NCL,Storm,Number of,"The Emergency Events Database (EM-DAT) , Centre for Research on the Epidemiology of Disasters (CRED) / Université catholique de Louvain (UCLouvain), Brussels, Belgium – www.emdat.be. Accessed on 2023-03-31.",ECCD,Climate Related Disasters Frequency,"Environment, Climate Change, Climate Indicators, Climate Related Disasters Frequency",,3,,,,,,,,,,,,,,,,,,1,,,,1,,,,,,,,,,,,,,,,,,1,
618,New Zealand,NZ,NZL,Storm,Number of,"The Emergency Events Database (EM-DAT) , Centre for Research on the Epidemiology of Disasters (CRED) / Université catholique de Louvain (UCLouvain), Brussels, Belgium – www.emdat.be. Accessed on 2023-03-31.",ECCD,Climate Related Disasters Frequency,"Environment, Climate Change, Climate Indicators, Climate Related Disasters Frequency",,,,,,,,,1,,,,2,,,,1,1,,,1,,,1,,1,,1,,,,,1,1,,,,1,,,,1,1
624,Nicaragua,NI,NIC,Storm,Number of,"The Emergency Events Database (EM-DAT) , Centre for Research on the Epidemiology of Disasters (CRED) / Université catholique de Louvain (UCLouvain), Brussels, Belgium – www.emdat.be. Accessed on 2023-03-31.",ECCD,Climate Related Disasters Frequency,"Environment, Climate Change, Climate Indicators, Climate Related Disasters Frequency",,,1,,,,,,1,,,,,1,,1,2,,1,,2,1,1,,1,2,,1,1,1,2,,,,,,1,1,,,2,,2
629,Niger,NE,NER,Storm,Number of,"The Emergency Events Database (EM-DAT) , Centre for Research on the Epidemiology of Disasters (CRED) / Université catholique de Louvain (UCLouvain), Brussels, Belgium – www.emdat.be. Accessed on 2023-03-31.",ECCD,Climate Related Disasters Frequency,"Environment, Climate Change, Climate Indicators, Climate Related Disasters Frequency",,,,,,,,,,,,,,,,,,,,,,,1,,,,,,,,,,,,,,,,,,,,
635,Nigeria,NG,NGA,Storm,Number of,"The Emergency Events Database (EM-DAT) , Centre for Research on the Epidemiology of Disasters (CRED) / Université catholique de Louvain (UCLouvain), Brussels, Belgium – www.emdat.be. Accessed on 2023-03-31.",ECCD,Climate Related Disasters Frequency,"Environment, Climate Change, Climate Indicators, Climate Related Disasters Frequency",,,,,,,,,,,,,,,,,,,,1,1,,,,,,,,,,,1,1,,,,1,,,,,,1
640,"North Macedonia, Republic of ",MK,MKD,Storm,Number of,"The Emergency Events Database (EM-DAT) , Centre for Research on the Epidemiology of Disasters (CRED) / Université catholique de Louvain (UCLouvain), Brussels, Belgium – www.emdat.be. Accessed on 2023-03-31.",ECCD,Climate Related Disasters Frequency,"Environment, Climate Change, Climate Indicators, Climate Related Disasters Frequency",,,,,,,,,,,,,,,,,,,,,,,,,,1,,,,,,,,,,,,,,,,,
643,Northern Mariana Islands,MP,MNP,Storm,Number of,"The Emergency Events Database (EM-DAT) , Centre for Research on the Epidemiology of Disasters (CRED) / Université catholique de Louvain (UCLouvain), Brussels, Belgium – www.emdat.be. Accessed on 2023-03-31.",ECCD,Climate Related Disasters Frequency,"Environment, Climate Change, Climate Indicators, Climate Related Disasters Frequency",,,,,,,,,,,,,,,,,,,,,,,1,,1,,,,,,,,,,,1,,,1,,,,
647,Norway,NO,NOR,Storm,Number of,"The Emergency Events Database (EM-DAT) , Centre for Research on the Epidemiology of Disasters (CRED) / Université catholique de Louvain (UCLouvain), Brussels, Belgium – www.emdat.be. Accessed on 2023-03-31.",ECCD,Climate Related Disasters Frequency,"Environment, Climate Change, Climate Indicators, Climate Related Disasters Frequency",,,,,,,,,,,2,,1,1,,,,,,,,,,,,1,,,1,,,1,,,,,,,,,,,1
650,Oman,OM,OMN,Storm,Number of,"The Emergency Events Database (EM-DAT) , Centre for Research on the Epidemiology of Disasters (CRED) / Université catholique de Louvain (UCLouvain), Brussels, Belgium – www.emdat.be. Accessed on 2023-03-31.",ECCD,Climate Related Disasters Frequency,"Environment, Climate Change, Climate Indicators, Climate Related Disasters Frequency",,1,,,,,,,,,,,,,,,,,,,,,1,1,,,,1,,,1,1,,,,1,,,2,,,2,
656,Pakistan,PK,PAK,Storm,Number of,"The Emergency Events Database (EM-DAT) , Centre for Research on the Epidemiology of Disasters (CRED) / Université catholique de Louvain (UCLouvain), Brussels, Belgium – www.emdat.be. Accessed on 2023-03-31.",ECCD,Climate Related Disasters Frequency,"Environment, Climate Change, Climate Indicators, Climate Related Disasters Frequency",1,1,,,,,1,,1,,,,,1,2,,,2,1,2,,1,1,1,,1,,1,,,1,,,,1,,1,2,,1,1,2,1
660,"Palau, Rep. of",PW,PLW,Storm,Number of,"The Emergency Events Database (EM-DAT) , Centre for Research on the Epidemiology of Disasters (CRED) / Université catholique de Louvain (UCLouvain), Brussels, Belgium – www.emdat.be. Accessed on 2023-03-31.",ECCD,Climate Related Disasters Frequency,"Environment, Climate Change, Climate Indicators, Climate Related Disasters Frequency",,,,,,,,,,,,,,,,,,,,,,,,,,,,,,,,,1,1,,,,,,,,1,
664,Panama,PA,PAN,Storm,Number of,"The Emergency Events Database (EM-DAT) , Centre for Research on the Epidemiology of Disasters (CRED) / Université catholique de Louvain (UCLouvain), Brussels, Belgium – www.emdat.be. Accessed on 2023-03-31.",ECCD,Climate Related Disasters Frequency,"Environment, Climate Change, Climate Indicators, Climate Related Disasters Frequency",,,,,,,,,1,,,,1,,,,,,1,,,,,,,,,,,,,,,,,,1,1,,,2,,
670,Papua New Guinea,PG,PNG,Storm,Number of,"The Emergency Events Database (EM-DAT) , Centre for Research on the Epidemiology of Disasters (CRED) / Université catholique de Louvain (UCLouvain), Brussels, Belgium – www.emdat.be. Accessed on 2023-03-31.",ECCD,Climate Related Disasters Frequency,"Environment, Climate Change, Climate Indicators, Climate Related Disasters Frequency",,,,,,,,,,,,,,1,,,,1,,,,,,,,,,1,,,,1,,,1,1,,,,,,,
676,Paraguay,PY,PRY,Storm,Number of,"The Emergency Events Database (EM-DAT) , Centre for Research on the Epidemiology of Disasters (CRED) / Université catholique de Louvain (UCLouvain), Brussels, Belgium – www.emdat.be. Accessed on 2023-03-31.",ECCD,Climate Related Disasters Frequency,"Environment, Climate Change, Climate Indicators, Climate Related Disasters Frequency",,,,,,,,,,,,,,,,,,1,,,,,1,,,,,,1,1,,1,1,1,,1,,,,,,,
683,Peru,PE,PER,Storm,Number of,"The Emergency Events Database (EM-DAT) , Centre for Research on the Epidemiology of Disasters (CRED) / Université catholique de Louvain (UCLouvain), Brussels, Belgium – www.emdat.be. Accessed on 2023-03-31.",ECCD,Climate Related Disasters Frequency,"Environment, Climate Change, Climate Indicators, Climate Related Disasters Frequency",,,,,,,,,,,,,,,,,,1,,,,,1,,,,,,,,,1,,,,,,,,,,,
689,Philippines,PH,PHL,Storm,Number of,"The Emergency Events Database (EM-DAT) , Centre for Research on the Epidemiology of Disasters (CRED) / Université catholique de Louvain (UCLouvain), Brussels, Belgium – www.emdat.be. Accessed on 2023-03-31.",ECCD,Climate Related Disasters Frequency,"Environment, Climate Change, Climate Indicators, Climate Related Disasters Frequency",6,8,9,4,4,3,6,5,6,7,5,6,4,6,11,7,2,3,4,8,6,6,6,8,8,2,10,8,11,14,3,12,9,8,9,10,8,8,7,7,6,8,6
695,"Poland, Rep. of",PL,POL,Storm,Number of,"The Emergency Events Database (EM-DAT) , Centre for Research on the Epidemiology of Disasters (CRED) / Université catholique de Louvain (UCLouvain), Brussels, Belgium – www.emdat.be. Accessed on 2023-03-31.",ECCD,Climate Related Disasters Frequency,"Environment, Climate Change, Climate Indicators, Climate Related Disasters Frequency",,,,1,,,,,,,1,,,,1,,,,,1,,,2,,,2,,2,1,1,,,1,1,,1,,1,,1,1,2,3
701,Portugal,PT,PRT,Storm,Number of,"The Emergency Events Database (EM-DAT) , Centre for Research on the Epidemiology of Disasters (CRED) / Université catholique de Louvain (UCLouvain), Brussels, Belgium – www.emdat.be. Accessed on 2023-03-31.",ECCD,Climate Related Disasters Frequency,"Environment, Climate Change, Climate Indicators, Climate Related Disasters Frequency",,,,,,,,,,1,,,,,,,,1,,,1,,,,,,,,,,1,,,2,2,,,,1,1,,,
710,Romania,RO,ROU,Storm,Number of,"The Emergency Events Database (EM-DAT) , Centre for Research on the Epidemiology of Disasters (CRED) / Université catholique de Louvain (UCLouvain), Brussels, Belgium – www.emdat.be. Accessed on 2023-03-31.",ECCD,Climate Related Disasters Frequency,"Environment, Climate Change, Climate Indicators, Climate Related Disasters Frequency",,,,,,,,,,,,,,1,1,,,1,,,1,,,,3,1,,,1,,,,,,,,,1,,,,,
716,Russian Federation,RU,RUS,Storm,Number of,"The Emergency Events Database (EM-DAT) , Centre for Research on the Epidemiology of Disasters (CRED) / Université catholique de Louvain (UCLouvain), Brussels, Belgium – www.emdat.be. Accessed on 2023-03-31.",ECCD,Climate Related Disasters Frequency,"Environment, Climate Change, Climate Indicators, Climate Related Disasters Frequency",,,,,,,,,,,,,,,2,3,,,1,1,1,2,2,1,3,2,,1,,,,1,,,,,,1,,,,,1
722,Rwanda,RW,RWA,Storm,Number of,"The Emergency Events Database (EM-DAT) , Centre for Research on the Epidemiology of Disasters (CRED) / Université catholique de Louvain (UCLouvain), Brussels, Belgium – www.emdat.be. Accessed on 2023-03-31.",ECCD,Climate Related Disasters Frequency,"Environment, Climate Change, Climate Indicators, Climate Related Disasters Frequency",,,,,,,,,,,,,,,,,,,,,,,,,,,,,,,,,,,,,,2,,,,,
724,Saint Barthélemy,,BLM,Storm,Number of,"The Emergency Events Database (EM-DAT) , Centre for Research on the Epidemiology of Disasters (CRED) / Université catholique de Louvain (UCLouvain), Brussels, Belgium – www.emdat.be. Accessed on 2023-03-31.",ECCD,Climate Related Disasters Frequency,"Environment, Climate Change, Climate Indicators, Climate Related Disasters Frequency",,,,,,,,,,,,,,,,,,,,,,,,,,,,,,,,,,,,,,1,,,,,
726,Saint Helena,SH,SHN,Storm,Number of,"The Emergency Events Database (EM-DAT) , Centre for Research on the Epidemiology of Disasters (CRED) / Université catholique de Louvain (UCLouvain), Brussels, Belgium – www.emdat.be. Accessed on 2023-03-31.",ECCD,Climate Related Disasters Frequency,"Environment, Climate Change, Climate Indicators, Climate Related Disasters Frequency",,,,,,,,,,,,,,,,,,,,,,1,,,,,,,,,,,,,,,,,,,,,
728,Saint Martin (French Part),,MAF,Storm,Number of,"The Emergency Events Database (EM-DAT) , Centre for Research on the Epidemiology of Disasters (CRED) / Université catholique de Louvain (UCLouvain), Brussels, Belgium – www.emdat.be. Accessed on 2023-03-31.",ECCD,Climate Related Disasters Frequency,"Environment, Climate Change, Climate Indicators, Climate Related Disasters Frequency",,,,,,,,,,,,,,,,,,,,,,,,,,,,,,,,,,,,,,1,,,,,
732,Samoa,WS,WSM,Storm,Number of,"The Emergency Events Database (EM-DAT) , Centre for Research on the Epidemiology of Disasters (CRED) / Université catholique de Louvain (UCLouvain), Brussels, Belgium – www.emdat.be. Accessed on 2023-03-31.",ECCD,Climate Related Disasters Frequency,"Environment, Climate Change, Climate Indicators, Climate Related Disasters Frequency",,,,1,,,,,,1,1,1,,,,,,,,,,,,,1,1,,,,,,,1,,,,,,1,,,,
739,Saudi Arabia,SA,SAU,Storm,Number of,"The Emergency Events Database (EM-DAT) , Centre for Research on the Epidemiology of Disasters (CRED) / Université catholique de Louvain (UCLouvain), Brussels, Belgium – www.emdat.be. Accessed on 2023-03-31.",ECCD,Climate Related Disasters Frequency,"Environment, Climate Change, Climate Indicators, Climate Related Disasters Frequency",,,1,,,,,,,,,,,,,,,,,,,,,,,,,,,,,,,,,,1,,,,,,
743,Senegal,SN,SEN,Storm,Number of,"The Emergency Events Database (EM-DAT) , Centre for Research on the Epidemiology of Disasters (CRED) / Université catholique de Louvain (UCLouvain), Brussels, Belgium – www.emdat.be. Accessed on 2023-03-31.",ECCD,Climate Related Disasters Frequency,"Environment, Climate Change, Climate Indicators, Climate Related Disasters Frequency",,,,,,,,,,,,,,,,,,,,2,,,,,1,,,,,,,,,,,,,,,,,,
747,Serbia and Montenegro,CS,SCG,Storm,Number of,"The Emergency Events Database (EM-DAT) , Centre for Research on the Epidemiology of Disasters (CRED) / Université catholique de Louvain (UCLouvain), Brussels, Belgium – www.emdat.be. Accessed on 2023-03-31.",ECCD,Climate Related Disasters Frequency,"Environment, Climate Change, Climate Indicators, Climate Related Disasters Frequency",,,,,,,,,,,,,,,,,,,,,,,,,,1,,,,,,,,,,,,,,,,,
754,Seychelles,SC,SYC,Storm,Number of,"The Emergency Events Database (EM-DAT) , Centre for Research on the Epidemiology of Disasters (CRED) / Université catholique de Louvain (UCLouvain), Brussels, Belgium – www.emdat.be. Accessed on 2023-03-31.",ECCD,Climate Related Disasters Frequency,"Environment, Climate Change, Climate Indicators, Climate Related Disasters Frequency",,,,,,,,,,,,,,,,,,,,,,,1,,,,,,,,,,,1,,,,,,,,,
758,Sierra Leone,SL,SLE,Storm,Number of,"The Emergency Events Database (EM-DAT) , Centre for Research on the Epidemiology of Disasters (CRED) / Université catholique de Louvain (UCLouvain), Brussels, Belgium – www.emdat.be. Accessed on 2023-03-31.",ECCD,Climate Related Disasters Frequency,"Environment, Climate Change, Climate Indicators, Climate Related Disasters Frequency",,,,,1,,,,,,,,,,,,,,,1,,,,,,,,,,,,,,,,,,,,,,,
761,"Sint Maarten, Kingdom of the Netherlands",SX,SXM,Storm,Number of,"The Emergency Events Database (EM-DAT) , Centre for Research on the Epidemiology of Disasters (CRED) / Université catholique de Louvain (UCLouvain), Brussels, Belgium – www.emdat.be. Accessed on 2023-03-31.",ECCD,Climate Related Disasters Frequency,"Environment, Climate Change, Climate Indicators, Climate Related Disasters Frequency",,,,,,,,,,,,,,,,,,,,,,,,,,,,,,,,,,,,,,1,,,,,
765,Slovak Rep.,SK,SVK,Storm,Number of,"The Emergency Events Database (EM-DAT) , Centre for Research on the Epidemiology of Disasters (CRED) / Université catholique de Louvain (UCLouvain), Brussels, Belgium – www.emdat.be. Accessed on 2023-03-31.",ECCD,Climate Related Disasters Frequency,"Environment, Climate Change, Climate Indicators, Climate Related Disasters Frequency",,,,,,,,,,,,,,,,,,,,,,,,,1,,,,,,,,,,,,,1,,1,,,
770,"Slovenia, Rep. of",SI,SVN,Storm,Number of,"The Emergency Events Database (EM-DAT) , Centre for Research on the Epidemiology of Disasters (CRED) / Université catholique de Louvain (UCLouvain), Brussels, Belgium – www.emdat.be. Accessed on 2023-03-31.",ECCD,Climate Related Disasters Frequency,"Environment, Climate Change, Climate Indicators, Climate Related Disasters Frequency",,,,,,,,,,,,,,,,,,,,,,,,,,,,2,,,,,,,,,,,,,1,,
774,Solomon Islands,SB,SLB,Storm,Number of,"The Emergency Events Database (EM-DAT) , Centre for Research on the Epidemiology of Disasters (CRED) / Université catholique de Louvain (UCLouvain), Brussels, Belgium – www.emdat.be. Accessed on 2023-03-31.",ECCD,Climate Related Disasters Frequency,"Environment, Climate Change, Climate Indicators, Climate Related Disasters Frequency",,,1,,,1,1,,,,,,1,1,,,,,,,,,1,2,,,,,,,1,1,,,,2,,,1,,1,,
778,Somalia,SO,SOM,Storm,Number of,"The Emergency Events Database (EM-DAT) , Centre for Research on the Epidemiology of Disasters (CRED) / Université catholique de Louvain (UCLouvain), Brussels, Belgium – www.emdat.be. Accessed on 2023-03-31.",ECCD,Climate Related Disasters Frequency,"Environment, Climate Change, Climate Indicators, Climate Related Disasters Frequency",,,,,,,,,,,,,,,1,,,,,,,,,,,,,,,,,,,1,,2,,,1,1,1,,
784,South Africa,ZA,ZAF,Storm,Number of,"The Emergency Events Database (EM-DAT) , Centre for Research on the Epidemiology of Disasters (CRED) / Université catholique de Louvain (UCLouvain), Brussels, Belgium – www.emdat.be. Accessed on 2023-03-31.",ECCD,Climate Related Disasters Frequency,"Environment, Climate Change, Climate Indicators, Climate Related Disasters Frequency",,,,1,2,,,,,,1,,,1,1,,,,1,2,1,2,4,1,,,,,1,2,1,2,1,1,,,,2,,1,1,2,
793,Soviet Union (former),,SUN,Storm,Number of,"The Emergency Events Database (EM-DAT) , Centre for Research on the Epidemiology of Disasters (CRED) / Université catholique de Louvain (UCLouvain), Brussels, Belgium – www.emdat.be. Accessed on 2023-03-31.",ECCD,Climate Related Disasters Frequency,"Environment, Climate Change, Climate Indicators, Climate Related Disasters Frequency",,1,,1,1,,,,,,,1,,,,,,,,,,,,,,,,,,,,,,,,,,,,,,,
800,Spain,ES,ESP,Storm,Number of,"The Emergency Events Database (EM-DAT) , Centre for Research on the Epidemiology of Disasters (CRED) / Université catholique de Louvain (UCLouvain), Brussels, Belgium – www.emdat.be. Accessed on 2023-03-31.",ECCD,Climate Related Disasters Frequency,"Environment, Climate Change, Climate Indicators, Climate Related Disasters Frequency",,,,,2,,,1,,2,2,,,,1,,,1,1,1,2,1,,,,,,1,,1,1,,,1,1,,,,1,3,1,1,
806,Sri Lanka,LK,LKA,Storm,Number of,"The Emergency Events Database (EM-DAT) , Centre for Research on the Epidemiology of Disasters (CRED) / Université catholique de Louvain (UCLouvain), Brussels, Belgium – www.emdat.be. Accessed on 2023-03-31.",ECCD,Climate Related Disasters Frequency,"Environment, Climate Change, Climate Indicators, Climate Related Disasters Frequency",,,,,,1,,,,,,,,,,,,,,,1,,,,,,,,1,,,1,1,1,,,,1,,,1,1,2
809,St. Kitts and Nevis,KN,KNA,Storm,Number of,"The Emergency Events Database (EM-DAT) , Centre for Research on the Epidemiology of Disasters (CRED) / Université catholique de Louvain (UCLouvain), Brussels, Belgium – www.emdat.be. Accessed on 2023-03-31.",ECCD,Climate Related Disasters Frequency,"Environment, Climate Change, Climate Indicators, Climate Related Disasters Frequency",,,,,1,,,,,1,1,,,,,1,,,1,1,,,,,,,,,1,,,,,,,,,1,,,,,
814,St. Lucia,LC,LCA,Storm,Number of,"The Emergency Events Database (EM-DAT) , Centre for Research on the Epidemiology of Disasters (CRED) / Université catholique de Louvain (UCLouvain), Brussels, Belgium – www.emdat.be. Accessed on 2023-03-31.",ECCD,Climate Related Disasters Frequency,"Environment, Climate Change, Climate Indicators, Climate Related Disasters Frequency",1,,,1,,,1,1,1,,,,,,1,,,,,1,,,,,1,,,1,,,1,,,,,,1,,,,,1,
818,St. Vincent and the Grenadines,VC,VCT,Storm,Number of,"The Emergency Events Database (EM-DAT) , Centre for Research on the Epidemiology of Disasters (CRED) / Université catholique de Louvain (UCLouvain), Brussels, Belgium – www.emdat.be. Accessed on 2023-03-31.",ECCD,Climate Related Disasters Frequency,"Environment, Climate Change, Climate Indicators, Climate Related Disasters Frequency",1,,,,,,,1,,,,,,,,,,,,1,,,1,,1,1,,,,,1,,,,,,1,,,,,1,
823,Sudan,SD,SDN,Storm,Number of,"The Emergency Events Database (EM-DAT) , Centre for Research on the Epidemiology of Disasters (CRED) / Université catholique de Louvain (UCLouvain), Brussels, Belgium – www.emdat.be. Accessed on 2023-03-31.",ECCD,Climate Related Disasters Frequency,"Environment, Climate Change, Climate Indicators, Climate Related Disasters Frequency",,,,,,,,,,,,,,,,,,,,,,,1,,,,,,,,,1,,,,,,,,,,1,
830,Sweden,SE,SWE,Storm,Number of,"The Emergency Events Database (EM-DAT) , Centre for Research on the Epidemiology of Disasters (CRED) / Université catholique de Louvain (UCLouvain), Brussels, Belgium – www.emdat.be. Accessed on 2023-03-31.",ECCD,Climate Related Disasters Frequency,"Environment, Climate Change, Climate Indicators, Climate Related Disasters Frequency",,,,,,,,,,,2,,,,,,,,,1,,,1,,,1,,,,,,,,1,,,,,,,1,,
836,Switzerland,CH,CHE,Storm,Number of,"The Emergency Events Database (EM-DAT) , Centre for Research on the Epidemiology of Disasters (CRED) / Université catholique de Louvain (UCLouvain), Brussels, Belgium – www.emdat.be. Accessed on 2023-03-31.",ECCD,Climate Related Disasters Frequency,"Environment, Climate Change, Climate Indicators, Climate Related Disasters Frequency",,,1,2,1,1,2,1,,,4,,,3,1,,,,1,1,,,1,1,,,1,2,,1,1,1,,2,1,,,,1,1,1,1,
841,Syrian Arab Rep.,SY,SYR,Storm,Number of,"The Emergency Events Database (EM-DAT) , Centre for Research on the Epidemiology of Disasters (CRED) / Université catholique de Louvain (UCLouvain), Brussels, Belgium – www.emdat.be. Accessed on 2023-03-31.",ECCD,Climate Related Disasters Frequency,"Environment, Climate Change, Climate Indicators, Climate Related Disasters Frequency",,,,,,,,,,,,,,,,,,,,,,1,,,1,,,,,,,,,,,2,,,,,,,1
847,Taiwan Province of China,TW,TWN,Storm,Number of,"The Emergency Events Database (EM-DAT) , Centre for Research on the Epidemiology of Disasters (CRED) / Université catholique de Louvain (UCLouvain), Brussels, Belgium – www.emdat.be. Accessed on 2023-03-31.",ECCD,Climate Related Disasters Frequency,"Environment, Climate Change, Climate Indicators, Climate Related Disasters Frequency",,1,,1,,,2,1,,1,2,1,1,,5,,2,1,2,,2,5,2,1,5,4,2,2,5,1,2,,2,3,2,3,3,1,1,1,1,2,1
853,"Tajikistan, Rep. of",TJ,TJK,Storm,Number of,"The Emergency Events Database (EM-DAT) , Centre for Research on the Epidemiology of Disasters (CRED) / Université catholique de Louvain (UCLouvain), Brussels, Belgium – www.emdat.be. Accessed on 2023-03-31.",ECCD,Climate Related Disasters Frequency,"Environment, Climate Change, Climate Indicators, Climate Related Disasters Frequency",,,,,,,,,,,,,,,,,,,,1,,1,,,,,,,,,,,,,,,,,,,,,
858,"Tanzania, United Rep. of",TZ,TZA,Storm,Number of,"The Emergency Events Database (EM-DAT) , Centre for Research on the Epidemiology of Disasters (CRED) / Université catholique de Louvain (UCLouvain), Brussels, Belgium – www.emdat.be. Accessed on 2023-03-31.",ECCD,Climate Related Disasters Frequency,"Environment, Climate Change, Climate Indicators, Climate Related Disasters Frequency",,,,,,,,,,,,,,,1,,,,,,,,,,,,,,2,1,,,,,,1,,,,1,,1,
865,Thailand,TH,THA,Storm,Number of,"The Emergency Events Database (EM-DAT) , Centre for Research on the Epidemiology of Disasters (CRED) / Université catholique de Louvain (UCLouvain), Brussels, Belgium – www.emdat.be. Accessed on 2023-03-31.",ECCD,Climate Related Disasters Frequency,"Environment, Climate Change, Climate Indicators, Climate Related Disasters Frequency",,2,,,,,,,,1,1,1,4,2,3,1,1,2,,,1,1,2,1,2,2,,,2,,,1,,,1,1,,2,,1,4,1,2
870,"Timor-Leste, Dem. Rep. of",TL,TLS,Storm,Number of,"The Emergency Events Database (EM-DAT) , Centre for Research on the Epidemiology of Disasters (CRED) / Université catholique de Louvain (UCLouvain), Brussels, Belgium – www.emdat.be. Accessed on 2023-03-31.",ECCD,Climate Related Disasters Frequency,"Environment, Climate Change, Climate Indicators, Climate Related Disasters Frequency",,,,,,,,,,,,,,,,,,,,,,,,,,,1,,,,,,,,,,,,,,,1,
875,Tokelau,TK,TKL,Storm,Number of,"The Emergency Events Database (EM-DAT) , Centre for Research on the Epidemiology of Disasters (CRED) / Université catholique de Louvain (UCLouvain), Brussels, Belgium – www.emdat.be. Accessed on 2023-03-31.",ECCD,Climate Related Disasters Frequency,"Environment, Climate Change, Climate Indicators, Climate Related Disasters Frequency",,,,,,,,1,,,1,,,,,,,,,,,,,,,1,,,,,,,,,,,,,,,,,
878,Tonga,TO,TON,Storm,Number of,"The Emergency Events Database (EM-DAT) , Centre for Research on the Epidemiology of Disasters (CRED) / Université catholique de Louvain (UCLouvain), Brussels, Belgium – www.emdat.be. Accessed on 2023-03-31.",ECCD,Climate Related Disasters Frequency,"Environment, Climate Change, Climate Indicators, Climate Related Disasters Frequency",,,2,,,,,,,,1,,,,,,,1,2,,,1,,,1,,,,,,,1,,,1,,3,,1,,1,,
883,Trinidad and Tobago,TT,TTO,Storm,Number of,"The Emergency Events Database (EM-DAT) , Centre for Research on the Epidemiology of Disasters (CRED) / Université catholique de Louvain (UCLouvain), Brussels, Belgium – www.emdat.be. Accessed on 2023-03-31.",ECCD,Climate Related Disasters Frequency,"Environment, Climate Change, Climate Indicators, Climate Related Disasters Frequency",,,,,,,,,,,1,,,,,,,,,,,,,,1,1,,,,,,,,,,,,,,,,,
892,"Türkiye, Rep. of",TR,TUR,Storm,Number of,"The Emergency Events Database (EM-DAT) , Centre for Research on the Epidemiology of Disasters (CRED) / Université catholique de Louvain (UCLouvain), Brussels, Belgium – www.emdat.be. Accessed on 2023-03-31.",ECCD,Climate Related Disasters Frequency,"Environment, Climate Change, Climate Indicators, Climate Related Disasters Frequency",,,,,,,,,,,,1,,,1,,,,,,,,1,,3,1,,,,,,,,,,,,1,,,1,,
897,Turks and Caicos Islands,TC,TCA,Storm,Number of,"The Emergency Events Database (EM-DAT) , Centre for Research on the Epidemiology of Disasters (CRED) / Université catholique de Louvain (UCLouvain), Brussels, Belgium – www.emdat.be. Accessed on 2023-03-31.",ECCD,Climate Related Disasters Frequency,"Environment, Climate Change, Climate Indicators, Climate Related Disasters Frequency",,,,,,1,,,,,1,,,,,,,,,,,,,,1,,,,3,,,,,,,,,1,,,,,
900,Tuvalu,TV,TUV,Storm,Number of,"The Emergency Events Database (EM-DAT) , Centre for Research on the Epidemiology of Disasters (CRED) / Université catholique de Louvain (UCLouvain), Brussels, Belgium – www.emdat.be. Accessed on 2023-03-31.",ECCD,Climate Related Disasters Frequency,"Environment, Climate Change, Climate Indicators, Climate Related Disasters Frequency",,,,,1,,,1,,,1,,,1,,,,,,,,,,,,,,,,,,,,,,1,,,,,1,,
905,Uganda,UG,UGA,Storm,Number of,"The Emergency Events Database (EM-DAT) , Centre for Research on the Epidemiology of Disasters (CRED) / Université catholique de Louvain (UCLouvain), Brussels, Belgium – www.emdat.be. Accessed on 2023-03-31.",ECCD,Climate Related Disasters Frequency,"Environment, Climate Change, Climate Indicators, Climate Related Disasters Frequency",,,,,,,,,,,,,,,,,,,,,2,,1,,,,,,,,,1,,,,,,,,,1,,
910,Ukraine,UA,UKR,Storm,Number of,"The Emergency Events Database (EM-DAT) , Centre for Research on the Epidemiology of Disasters (CRED) / Université catholique de Louvain (UCLouvain), Brussels, Belgium – www.emdat.be. Accessed on 2023-03-31.",ECCD,Climate Related Disasters Frequency,"Environment, Climate Change, Climate Indicators, Climate Related Disasters Frequency",,,,,,,,,,,,,1,,,,,1,,,3,,,,,,,2,,,,,,,,,,,1,,,1,
918,United Kingdom,GB,GBR,Storm,Number of,"The Emergency Events Database (EM-DAT) , Centre for Research on the Epidemiology of Disasters (CRED) / Université catholique de Louvain (UCLouvain), Brussels, Belgium – www.emdat.be. Accessed on 2023-03-31.",ECCD,Climate Related Disasters Frequency,"Environment, Climate Change, Climate Indicators, Climate Related Disasters Frequency",,1,,1,1,,1,1,,1,7,1,,,,1,1,,3,2,3,,2,,,2,,1,1,1,1,,,3,1,1,,,1,,1,1,3
924,United States,US,USA,Storm,Number of,"The Emergency Events Database (EM-DAT) , Centre for Research on the Epidemiology of Disasters (CRED) / Université catholique de Louvain (UCLouvain), Brussels, Belgium – www.emdat.be. Accessed on 2023-03-31.",ECCD,Climate Related Disasters Frequency,"Environment, Climate Change, Climate Indicators, Climate Related Disasters Frequency",3,3,11,6,11,10,2,8,18,16,15,17,27,20,9,10,9,23,20,16,12,17,15,14,12,8,12,13,14,10,12,14,19,15,13,19,16,17,11,14,19,23,17
927,United States Virgin Islands,VI,VIR,Storm,Number of,"The Emergency Events Database (EM-DAT) , Centre for Research on the Epidemiology of Disasters (CRED) / Université catholique de Louvain (UCLouvain), Brussels, Belgium – www.emdat.be. Accessed on 2023-03-31.",ECCD,Climate Related Disasters Frequency,"Environment, Climate Change, Climate Indicators, Climate Related Disasters Frequency",,,,,,,,,,1,,,,,,2,,,1,1,,,,,1,,,,,,,,,,,,,2,,,,,
932,Uruguay,UY,URY,Storm,Number of,"The Emergency Events Database (EM-DAT) , Centre for Research on the Epidemiology of Disasters (CRED) / Université catholique de Louvain (UCLouvain), Brussels, Belgium – www.emdat.be. Accessed on 2023-03-31.",ECCD,Climate Related Disasters Frequency,"Environment, Climate Change, Climate Indicators, Climate Related Disasters Frequency",,,,,,,,,,,,,,1,,,,1,,1,1,,1,,,1,,,,,,,,,,,,,,,1,,
940,Vanuatu,VU,VUT,Storm,Number of,"The Emergency Events Database (EM-DAT) , Centre for Research on the Epidemiology of Disasters (CRED) / Université catholique de Louvain (UCLouvain), Brussels, Belgium – www.emdat.be. Accessed on 2023-03-31.",ECCD,Climate Related Disasters Frequency,"Environment, Climate Change, Climate Indicators, Climate Related Disasters Frequency",,2,,,,1,,1,2,,,,2,1,,,,,1,1,,2,,,1,,,,,,,2,,,1,1,,1,,,1,,
945,"Venezuela, Rep. Bolivariana de",VE,VEN,Storm,Number of,"The Emergency Events Database (EM-DAT) , Centre for Research on the Epidemiology of Disasters (CRED) / Université catholique de Louvain (UCLouvain), Brussels, Belgium – www.emdat.be. Accessed on 2023-03-31.",ECCD,Climate Related Disasters Frequency,"Environment, Climate Change, Climate Indicators, Climate Related Disasters Frequency",,,,,,,,,1,,,,,1,,,,,,,,,,,1,,,,,,1,,,,,,,,,,,,1
950,Vietnam,VN,VNM,Storm,Number of,"The Emergency Events Database (EM-DAT) , Centre for Research on the Epidemiology of Disasters (CRED) / Université catholique de Louvain (UCLouvain), Brussels, Belgium – www.emdat.be. Accessed on 2023-03-31.",ECCD,Climate Related Disasters Frequency,"Environment, Climate Change, Climate Indicators, Climate Related Disasters Frequency",2,,1,3,2,1,1,2,2,3,3,4,2,3,1,1,4,3,3,1,7,3,1,1,2,4,6,1,5,3,3,2,3,4,3,2,4,4,4,2,10,5,3
953,Wallis and Futuna Islands,WF,WLF,Storm,Number of,"The Emergency Events Database (EM-DAT) , Centre for Research on the Epidemiology of Disasters (CRED) / Université catholique de Louvain (UCLouvain), Brussels, Belgium – www.emdat.be. Accessed on 2023-03-31.",ECCD,Climate Related Disasters Frequency,"Environment, Climate Change, Climate Indicators, Climate Related Disasters Frequency",,,,,,,1,,,,,,,,,,,,,,,,,,,,,,,,,,1,,,,,,,,,,
957,West Bank and Gaza,PS,PSE,Storm,Number of,"The Emergency Events Database (EM-DAT) , Centre for Research on the Epidemiology of Disasters (CRED) / Université catholique de Louvain (UCLouvain), Brussels, Belgium – www.emdat.be. Accessed on 2023-03-31.",ECCD,Climate Related Disasters Frequency,"Environment, Climate Change, Climate Indicators, Climate Related Disasters Frequency",,,,,,,,,,,,,,,,,,,,,,,,,,,,,,,,,,1,,2,,,,,,,
961,"Yemen, Rep. of",YE,YEM,Storm,Number of,"The Emergency Events Database (EM-DAT) , Centre for Research on the Epidemiology of Disasters (CRED) / Université catholique de Louvain (UCLouvain), Brussels, Belgium – www.emdat.be. Accessed on 2023-03-31.",ECCD,Climate Related Disasters Frequency,"Environment, Climate Change, Climate Indicators, Climate Related Disasters Frequency",,,,,,,,,,,,,,,,,,,,,,2,,,,,,,,,,,,,,2,,,2,,,,
969,Zimbabwe,ZW,ZWE,Storm,Number of,"The Emergency Events Database (EM-DAT) , Centre for Research on the Epidemiology of Disasters (CRED) / Université catholique de Louvain (UCLouvain), Brussels, Belgium – www.emdat.be. Accessed on 2023-03-31.",ECCD,Climate Related Disasters Frequency,"Environment, Climate Change, Climate Indicators, Climate Related Disasters Frequency",,,,,,,,,,,,,,,,,,,,,,,,1,,,,1,,,,,,,,1,1,1,,1,,1,1