ObjectId,Country,ISO2,ISO3,CONTINENT,Indicator,Unit,Source,CTS_Code,CTS_Name,CTS_Full_Descriptor,F1980,F1981,F1982,F1983,F1984,F1985,F1986,F1987,F1988,F1989,F1990,F1991,F1992,F1993,F1994,F1995,F1996,F1997,F1998,F1999,F2000,F2001,F2002,F2003,F2004,F2005,F2006,F2007,F2008,F2009,F2010,F2011,F2012,F2013,F2014,F2015,F2016,F2017,F2018,F2019,F2020,F2021,F2022
2,"Afghanistan, Islamic Rep. of",AF,AFG,Asia,Extreme temperature,Number of,"The Emergency Events Database (EM-DAT) , Centre for Research on the Epidemiology of Disasters (CRED) / Université catholique de Louvain (UCLouvain), Brussels, Belgium – www.emdat.be. Accessed on 2023-03-31.",ECCD,Climate Related Disasters Frequency,"Environment, Climate Change, Climate Indicators, Climate Related Disasters Frequency",,,,,,,,,,,1,1,,,,,,,,,,2,,,,1,,,1,,,,1,,,,,,,,,,
9,Albania,AL,ALB,Europe,Extreme temperature,Number of,"The Emergency Events Database (EM-DAT) , Centre for Research on the Epidemiology of Disasters (CRED) / Université catholique de Louvain (UCLouvain), Brussels, Belgium – www.emdat.be. Accessed on 2023-03-31.",ECCD,Climate Related Disasters Frequency,"Environment, Climate Change, Climate Indicators, Climate Related Disasters Frequency",,,,,,1,,,,,,,,,,,,,,,,,,,1,,,1,,,,,1,,,,,1,,,,,
16,Algeria,DZ,DZA,Africa,Extreme temperature,Number of,"The Emergency Events Database (EM-DAT) , Centre for Research on the Epidemiology of Disasters (CRED) / Université catholique de Louvain (UCLouvain), Brussels, Belgium – www.emdat.be. Accessed on 2023-03-31.",ECCD,Climate Related Disasters Frequency,"Environment, Climate Change, Climate Indicators, Climate Related Disasters Frequency",,,,,,,,,,,,,,,,,,,,,,,,1,,,,,,,,,,,,,,1,,1,,,
35,Argentina,AR,ARG,South America,Extreme temperature,Number of,"The Emergency Events Database (EM-DAT) , Centre for Research on the Epidemiology of Disasters (CRED) / Université catholique de Louvain (UCLouvain), Brussels, Belgium – www.emdat.be. Accessed on 2023-03-31.",ECCD,Climate Related Disasters Frequency,"Environment, Climate Change, Climate Indicators, Climate Related Disasters Frequency",,,,,,,,,,,,,,,,1,,,,,1,1,1,,1,,,1,,,1,,,,,,,,,,,,
42,"Armenia, Rep. of",AM,ARM,Asia,Extreme temperature,Number of,"The Emergency Events Database (EM-DAT) , Centre for Research on the Epidemiology of Disasters (CRED) / Université catholique de Louvain (UCLouvain), Brussels, Belgium – www.emdat.be. Accessed on 2023-03-31.",ECCD,Climate Related Disasters Frequency,"Environment, Climate Change, Climate Indicators, Climate Related Disasters Frequency",,,,,,,,,,,,,,,,,,,,,,,,,,,,,,,,,,1,,,,,,,,,
48,Australia,AU,AUS,Australia,Extreme temperature,Number of,"The Emergency Events Database (EM-DAT) , Centre for Research on the Epidemiology of Disasters (CRED) / Université catholique de Louvain (UCLouvain), Brussels, Belgium – www.emdat.be. Accessed on 2023-03-31.",ECCD,Climate Related Disasters Frequency,"Environment, Climate Change, Climate Indicators, Climate Related Disasters Frequency",,,,,,,,,,,,,,1,2,1,,,,,,,,,,,,,,1,,,,,1,,,,1,,,,
54,Austria,AT,AUT,Europe,Extreme temperature,Number of,"The Emergency Events Database (EM-DAT) , Centre for Research on the Epidemiology of Disasters (CRED) / Université catholique de Louvain (UCLouvain), Brussels, Belgium – www.emdat.be. Accessed on 2023-03-31.",ECCD,Climate Related Disasters Frequency,"Environment, Climate Change, Climate Indicators, Climate Related Disasters Frequency",,,,,,,,,,,,,,,,,,,,,,,,1,,1,,1,,1,,,1,,,,,,,1,,,
60,"Azerbaijan, Rep. of",AZ,AZE,Asia,Extreme temperature,Number of,"The Emergency Events Database (EM-DAT) , Centre for Research on the Epidemiology of Disasters (CRED) / Université catholique de Louvain (UCLouvain), Brussels, Belgium – www.emdat.be. Accessed on 2023-03-31.",ECCD,Climate Related Disasters Frequency,"Environment, Climate Change, Climate Indicators, Climate Related Disasters Frequency",,,,,,,,,,,,,,,,,,,,,,,,,,,,,,,,,1,,,,,,,,,,
71,Bangladesh,BD,BGD,Asia,Extreme temperature,Number of,"The Emergency Events Database (EM-DAT) , Centre for Research on the Epidemiology of Disasters (CRED) / Université catholique de Louvain (UCLouvain), Brussels, Belgium – www.emdat.be. Accessed on 2023-03-31.",ECCD,Climate Related Disasters Frequency,"Environment, Climate Change, Climate Indicators, Climate Related Disasters Frequency",,,,,,,,,,2,2,1,,,1,1,1,1,1,,1,1,1,2,,2,,1,,1,,2,1,,,,,,1,1,,,
80,"Belarus, Rep. of",BY,BLR,Europe,Extreme temperature,Number of,"The Emergency Events Database (EM-DAT) , Centre for Research on the Epidemiology of Disasters (CRED) / Université catholique de Louvain (UCLouvain), Brussels, Belgium – www.emdat.be. Accessed on 2023-03-31.",ECCD,Climate Related Disasters Frequency,"Environment, Climate Change, Climate Indicators, Climate Related Disasters Frequency",,,,,,,,,,,,,,,,,,,,,1,,,,,1,,,,,,,1,1,1,,,1,,,,,
84,Belgium,BE,BEL,Europe,Extreme temperature,Number of,"The Emergency Events Database (EM-DAT) , Centre for Research on the Epidemiology of Disasters (CRED) / Université catholique de Louvain (UCLouvain), Brussels, Belgium – www.emdat.be. Accessed on 2023-03-31.",ECCD,Climate Related Disasters Frequency,"Environment, Climate Change, Climate Indicators, Climate Related Disasters Frequency",,,,,,1,,,,,,,,,,,,,,,,,,1,,2,1,,1,,,,1,,,1,,,1,3,1,,
88,Belize,BZ,BLZ,North America,Extreme temperature,Number of,"The Emergency Events Database (EM-DAT) , Centre for Research on the Epidemiology of Disasters (CRED) / Université catholique de Louvain (UCLouvain), Brussels, Belgium – www.emdat.be. Accessed on 2023-03-31.",ECCD,Climate Related Disasters Frequency,"Environment, Climate Change, Climate Indicators, Climate Related Disasters Frequency",,,,,,,,,,,1,,,,,,,,,,,,,,,,,,,,,,,,,,,,,,,,
104,Bolivia,BO,BOL,South America,Extreme temperature,Number of,"The Emergency Events Database (EM-DAT) , Centre for Research on the Epidemiology of Disasters (CRED) / Université catholique de Louvain (UCLouvain), Brussels, Belgium – www.emdat.be. Accessed on 2023-03-31.",ECCD,Climate Related Disasters Frequency,"Environment, Climate Change, Climate Indicators, Climate Related Disasters Frequency",,,,,,,,,,,,,,,,,,,,,1,1,,,,,,1,,,1,,,1,,,,,,,,,
111,Bosnia and Herzegovina,BA,BIH,Europe,Extreme temperature,Number of,"The Emergency Events Database (EM-DAT) , Centre for Research on the Epidemiology of Disasters (CRED) / Université catholique de Louvain (UCLouvain), Brussels, Belgium – www.emdat.be. Accessed on 2023-03-31.",ECCD,Climate Related Disasters Frequency,"Environment, Climate Change, Climate Indicators, Climate Related Disasters Frequency",,,,,,,,,,,,,,,,,,,,,,,,,,,,1,,1,1,,1,,,,,,,,,,
121,Brazil,BR,BRA,South America,Extreme temperature,Number of,"The Emergency Events Database (EM-DAT) , Centre for Research on the Epidemiology of Disasters (CRED) / Université catholique de Louvain (UCLouvain), Brussels, Belgium – www.emdat.be. Accessed on 2023-03-31.",ECCD,Climate Related Disasters Frequency,"Environment, Climate Change, Climate Indicators, Climate Related Disasters Frequency",,,,,,,,,1,,,,,,1,,,,,,1,,,,1,,,,,,1,,,,,,,,,,,,
132,Bulgaria,BG,BGR,Europe,Extreme temperature,Number of,"The Emergency Events Database (EM-DAT) , Centre for Research on the Epidemiology of Disasters (CRED) / Université catholique de Louvain (UCLouvain), Brussels, Belgium – www.emdat.be. Accessed on 2023-03-31.",ECCD,Climate Related Disasters Frequency,"Environment, Climate Change, Climate Indicators, Climate Related Disasters Frequency",,,,,,,,,,,,,,,,,,,1,,2,,,,,1,,1,1,,1,,2,,,,,,,,,,
158,Canada,CA,CAN,North America,Extreme temperature,Number of,"The Emergency Events Database (EM-DAT) , Centre for Research on the Epidemiology of Disasters (CRED) / Université catholique de Louvain (UCLouvain), Brussels, Belgium – www.emdat.be. Accessed on 2023-03-31.",ECCD,Climate Related Disasters Frequency,"Environment, Climate Change, Climate Indicators, Climate Related Disasters Frequency",,,1,,,,,,,,,,1,,,,,,,,,,,,,,,,,,,,,1,1,,,,1,,,1,
163,Canary Island,,SPI,Not Available,Extreme temperature,Number of,"The Emergency Events Database (EM-DAT) , Centre for Research on the Epidemiology of Disasters (CRED) / Université catholique de Louvain (UCLouvain), Brussels, Belgium – www.emdat.be. Accessed on 2023-03-31.",ECCD,Climate Related Disasters Frequency,"Environment, Climate Change, Climate Indicators, Climate Related Disasters Frequency",,,,,,,,,,,,,,,,,,,,,,,,,1,,,,,,,,,,,,,,,,,,
181,Chile,CL,CHL,South America,Extreme temperature,Number of,"The Emergency Events Database (EM-DAT) , Centre for Research on the Epidemiology of Disasters (CRED) / Université catholique de Louvain (UCLouvain), Brussels, Belgium – www.emdat.be. Accessed on 2023-03-31.",ECCD,Climate Related Disasters Frequency,"Environment, Climate Change, Climate Indicators, Climate Related Disasters Frequency",,,,,,,,,,,,,,,,1,,,,,1,,1,,1,,,1,,,1,1,,1,,,,,,,,,
188,"China, P.R.: Hong Kong",HK,HKG,Asia,Extreme temperature,Number of,"The Emergency Events Database (EM-DAT) , Centre for Research on the Epidemiology of Disasters (CRED) / Université catholique de Louvain (UCLouvain), Brussels, Belgium – www.emdat.be. Accessed on 2023-03-31.",ECCD,Climate Related Disasters Frequency,"Environment, Climate Change, Climate Indicators, Climate Related Disasters Frequency",,,,,,,,1,,,,,,,,,,,,,,,,,,,,,,,,,,,,,,,,,,,
197,"China, P.R.: Mainland",CN,CHN,Asia,Extreme temperature,Number of,"The Emergency Events Database (EM-DAT) , Centre for Research on the Epidemiology of Disasters (CRED) / Université catholique de Louvain (UCLouvain), Brussels, Belgium – www.emdat.be. Accessed on 2023-03-31.",ECCD,Climate Related Disasters Frequency,"Environment, Climate Change, Climate Indicators, Climate Related Disasters Frequency",,,,,,,1,,,,,,,,1,,,3,,,,,1,,1,1,,,2,,,1,1,1,,,1,,,,,,
235,"Croatia, Rep. of",HR,HRV,Europe,Extreme temperature,Number of,"The Emergency Events Database (EM-DAT) , Centre for Research on the Epidemiology of Disasters (CRED) / Université catholique de Louvain (UCLouvain), Brussels, Belgium – www.emdat.be. Accessed on 2023-03-31.",ECCD,Climate Related Disasters Frequency,"Environment, Climate Change, Climate Indicators, Climate Related Disasters Frequency",,,,,,,,,,,,,,,,,,,,,1,,,1,,1,,,,,1,,2,,,,,,,,,,
246,Cyprus,CY,CYP,Asia,Extreme temperature,Number of,"The Emergency Events Database (EM-DAT) , Centre for Research on the Epidemiology of Disasters (CRED) / Université catholique de Louvain (UCLouvain), Brussels, Belgium – www.emdat.be. Accessed on 2023-03-31.",ECCD,Climate Related Disasters Frequency,"Environment, Climate Change, Climate Indicators, Climate Related Disasters Frequency",,,,,,,,,,,,,,,,,,,1,,1,,,,,,,1,,,,,,,,,,,,,,,
250,Czech Rep.,CZ,CZE,Europe,Extreme temperature,Number of,"The Emergency Events Database (EM-DAT) , Centre for Research on the Epidemiology of Disasters (CRED) / Université catholique de Louvain (UCLouvain), Brussels, Belgium – www.emdat.be. Accessed on 2023-03-31.",ECCD,Climate Related Disasters Frequency,"Environment, Climate Change, Climate Indicators, Climate Related Disasters Frequency",,,,,,,,,,,,,,,,,,,,,,,,1,,1,,,,,1,,2,,,,,,1,,,,
272,"Egypt, Arab Rep. of",EG,EGY,Africa,Extreme temperature,Number of,"The Emergency Events Database (EM-DAT) , Centre for Research on the Epidemiology of Disasters (CRED) / Université catholique de Louvain (UCLouvain), Brussels, Belgium – www.emdat.be. Accessed on 2023-03-31.",ECCD,Climate Related Disasters Frequency,"Environment, Climate Change, Climate Indicators, Climate Related Disasters Frequency",,,,,,,,,,,,,,,,1,1,,,,1,,,,,,,,,,,,,,,1,,,,,,,
277,El Salvador,SV,SLV,North America,Extreme temperature,Number of,"The Emergency Events Database (EM-DAT) , Centre for Research on the Epidemiology of Disasters (CRED) / Université catholique de Louvain (UCLouvain), Brussels, Belgium – www.emdat.be. Accessed on 2023-03-31.",ECCD,Climate Related Disasters Frequency,"Environment, Climate Change, Climate Indicators, Climate Related Disasters Frequency",,,,,,,,,,,,,,,,,,,,,,,,,,,1,,,,,,,,,,,,,,,,
286,"Estonia, Rep. of",EE,EST,Europe,Extreme temperature,Number of,"The Emergency Events Database (EM-DAT) , Centre for Research on the Epidemiology of Disasters (CRED) / Université catholique de Louvain (UCLouvain), Brussels, Belgium – www.emdat.be. Accessed on 2023-03-31.",ECCD,Climate Related Disasters Frequency,"Environment, Climate Change, Climate Indicators, Climate Related Disasters Frequency",,,,,,,,,,,,,,,,,,,,,,,,,,1,,,,,,,1,,,,,,1,,,,
307,France,FR,FRA,Europe,Extreme temperature,Number of,"The Emergency Events Database (EM-DAT) , Centre for Research on the Epidemiology of Disasters (CRED) / Université catholique de Louvain (UCLouvain), Brussels, Belgium – www.emdat.be. Accessed on 2023-03-31.",ECCD,Climate Related Disasters Frequency,"Environment, Climate Change, Climate Indicators, Climate Related Disasters Frequency",,,,,,1,,,,,1,2,,,,,,1,,,,,,1,,2,1,,1,2,1,,1,,,1,,,2,2,1,1,1
328,Germany,DE,DEU,Europe,Extreme temperature,Number of,"The Emergency Events Database (EM-DAT) , Centre for Research on the Epidemiology of Disasters (CRED) / Université catholique de Louvain (UCLouvain), Brussels, Belgium – www.emdat.be. Accessed on 2023-03-31.",ECCD,Climate Related Disasters Frequency,"Environment, Climate Change, Climate Indicators, Climate Related Disasters Frequency",,,,,,,,,,,,,,,,,,1,,,,,,1,,2,1,,1,1,1,,2,,,,,,1,2,,,1
345,Greece,GR,GRC,Europe,Extreme temperature,Number of,"The Emergency Events Database (EM-DAT) , Centre for Research on the Epidemiology of Disasters (CRED) / Université catholique de Louvain (UCLouvain), Brussels, Belgium – www.emdat.be. Accessed on 2023-03-31.",ECCD,Climate Related Disasters Frequency,"Environment, Climate Change, Climate Indicators, Climate Related Disasters Frequency",,,,,,1,,1,1,,,1,,,,,,,,,1,,,,,,,1,,,,,1,,,,,1,,,,,
356,Guatemala,GT,GTM,North America,Extreme temperature,Number of,"The Emergency Events Database (EM-DAT) , Centre for Research on the Epidemiology of Disasters (CRED) / Université catholique de Louvain (UCLouvain), Brussels, Belgium – www.emdat.be. Accessed on 2023-03-31.",ECCD,Climate Related Disasters Frequency,"Environment, Climate Change, Climate Indicators, Climate Related Disasters Frequency",,,,,,,,,,,,,,,,,,,,,,1,,,,,1,,,,,1,,,1,,,,,,,,
387,Hungary,HU,HUN,Europe,Extreme temperature,Number of,"The Emergency Events Database (EM-DAT) , Centre for Research on the Epidemiology of Disasters (CRED) / Université catholique de Louvain (UCLouvain), Brussels, Belgium – www.emdat.be. Accessed on 2023-03-31.",ECCD,Climate Related Disasters Frequency,"Environment, Climate Change, Climate Indicators, Climate Related Disasters Frequency",,,,,,,,,,,,,,,,,,,,,,1,,,,1,,1,1,,,,1,,,,,,1,,,,
395,India,IN,IND,Asia,Extreme temperature,Number of,"The Emergency Events Database (EM-DAT) , Centre for Research on the Epidemiology of Disasters (CRED) / Université catholique de Louvain (UCLouvain), Brussels, Belgium – www.emdat.be. Accessed on 2023-03-31.",ECCD,Climate Related Disasters Frequency,"Environment, Climate Change, Climate Indicators, Climate Related Disasters Frequency",2,1,1,,1,2,,1,2,2,2,,1,,1,1,,,2,1,1,2,2,2,,2,1,3,1,2,1,2,2,1,3,1,1,1,1,2,,,1
423,Israel,IL,ISR,Asia,Extreme temperature,Number of,"The Emergency Events Database (EM-DAT) , Centre for Research on the Epidemiology of Disasters (CRED) / Université catholique de Louvain (UCLouvain), Brussels, Belgium – www.emdat.be. Accessed on 2023-03-31.",ECCD,Climate Related Disasters Frequency,"Environment, Climate Change, Climate Indicators, Climate Related Disasters Frequency",,,,,,,,,,,,,1,,,,,,,,1,,,,,,,,,,,,,,,,,,,,,,
429,Italy,IT,ITA,Europe,Extreme temperature,Number of,"The Emergency Events Database (EM-DAT) , Centre for Research on the Epidemiology of Disasters (CRED) / Université catholique de Louvain (UCLouvain), Brussels, Belgium – www.emdat.be. Accessed on 2023-03-31.",ECCD,Climate Related Disasters Frequency,"Environment, Climate Change, Climate Indicators, Climate Related Disasters Frequency",,,,,,,,,,,,,,,,,,,1,,,,,1,,1,,1,,1,1,1,1,,,,,,2,1,,,
439,Japan,JP,JPN,Asia,Extreme temperature,Number of,"The Emergency Events Database (EM-DAT) , Centre for Research on the Epidemiology of Disasters (CRED) / Université catholique de Louvain (UCLouvain), Brussels, Belgium – www.emdat.be. Accessed on 2023-03-31.",ECCD,Climate Related Disasters Frequency,"Environment, Climate Change, Climate Indicators, Climate Related Disasters Frequency",,,,,,,,,,,,,,,,,,,,,,,,,1,,,1,1,1,1,1,,1,1,3,2,,1,2,,,1
446,Jordan,JO,JOR,Asia,Extreme temperature,Number of,"The Emergency Events Database (EM-DAT) , Centre for Research on the Epidemiology of Disasters (CRED) / Université catholique de Louvain (UCLouvain), Brussels, Belgium – www.emdat.be. Accessed on 2023-03-31.",ECCD,Climate Related Disasters Frequency,"Environment, Climate Change, Climate Indicators, Climate Related Disasters Frequency",,,,,,,,,,,,,1,,,,,,,,1,,,,,,,,,,,,,,,,,,,,,,
451,"Kazakhstan, Rep. of",KZ,KAZ,Asia,Extreme temperature,Number of,"The Emergency Events Database (EM-DAT) , Centre for Research on the Epidemiology of Disasters (CRED) / Université catholique de Louvain (UCLouvain), Brussels, Belgium – www.emdat.be. Accessed on 2023-03-31.",ECCD,Climate Related Disasters Frequency,"Environment, Climate Change, Climate Indicators, Climate Related Disasters Frequency",,,,,,,,,,,,,,,,,,1,,,,1,,,,,,,,,,,1,,,,,,,,,,
467,"Korea, Dem. People's Rep. of",KP,PRK,Asia,Extreme temperature,Number of,"The Emergency Events Database (EM-DAT) , Centre for Research on the Epidemiology of Disasters (CRED) / Université catholique de Louvain (UCLouvain), Brussels, Belgium – www.emdat.be. Accessed on 2023-03-31.",ECCD,Climate Related Disasters Frequency,"Environment, Climate Change, Climate Indicators, Climate Related Disasters Frequency",,,,,,,,,,,,,,,,,,,,,,,,,,,,,,,,,,,,,,,1,,,,
472,"Korea, Rep. of",KR,KOR,Asia,Extreme temperature,Number of,"The Emergency Events Database (EM-DAT) , Centre for Research on the Epidemiology of Disasters (CRED) / Université catholique de Louvain (UCLouvain), Brussels, Belgium – www.emdat.be. Accessed on 2023-03-31.",ECCD,Climate Related Disasters Frequency,"Environment, Climate Change, Climate Indicators, Climate Related Disasters Frequency",,,,,,,,,,,1,,,,,,,,,,,,,,,,,,,,,,,,,,1,,1,,,,1
481,Kyrgyz Rep.,KG,KGZ,Asia,Extreme temperature,Number of,"The Emergency Events Database (EM-DAT) , Centre for Research on the Epidemiology of Disasters (CRED) / Université catholique de Louvain (UCLouvain), Brussels, Belgium – www.emdat.be. Accessed on 2023-03-31.",ECCD,Climate Related Disasters Frequency,"Environment, Climate Change, Climate Indicators, Climate Related Disasters Frequency",,,,,,,,,,,,,,,,,,,,,1,,,,,,,,,,,,1,,,,,,,,,,1
490,Latvia,LV,LVA,Europe,Extreme temperature,Number of,"The Emergency Events Database (EM-DAT) , Centre for Research on the Epidemiology of Disasters (CRED) / Université catholique de Louvain (UCLouvain), Brussels, Belgium – www.emdat.be. Accessed on 2023-03-31.",ECCD,Climate Related Disasters Frequency,"Environment, Climate Change, Climate Indicators, Climate Related Disasters Frequency",,,,,,,,,,,,,,,,,,,,,,1,,1,,1,,,,,,,1,,,,,,,,,,
503,Liberia,LR,LBR,Africa,Extreme temperature,Number of,"The Emergency Events Database (EM-DAT) , Centre for Research on the Epidemiology of Disasters (CRED) / Université catholique de Louvain (UCLouvain), Brussels, Belgium – www.emdat.be. Accessed on 2023-03-31.",ECCD,Climate Related Disasters Frequency,"Environment, Climate Change, Climate Indicators, Climate Related Disasters Frequency",,,,,,,,,,,1,,,,,,,,,,,,,,,,,,,,,,,,,,,,,,,,
510,Lithuania,LT,LTU,Europe,Extreme temperature,Number of,"The Emergency Events Database (EM-DAT) , Centre for Research on the Epidemiology of Disasters (CRED) / Université catholique de Louvain (UCLouvain), Brussels, Belgium – www.emdat.be. Accessed on 2023-03-31.",ECCD,Climate Related Disasters Frequency,"Environment, Climate Change, Climate Indicators, Climate Related Disasters Frequency",,,,,,,,,,,,,,,,,,,,1,,1,,,,,,,,,1,,2,,,,,,1,,,,
514,Luxembourg,LU,LUX,Europe,Extreme temperature,Number of,"The Emergency Events Database (EM-DAT) , Centre for Research on the Epidemiology of Disasters (CRED) / Université catholique de Louvain (UCLouvain), Brussels, Belgium – www.emdat.be. Accessed on 2023-03-31.",ECCD,Climate Related Disasters Frequency,"Environment, Climate Change, Climate Indicators, Climate Related Disasters Frequency",,,,,,,,,,,,,,,,,,,,,,,,1,,,,,,,,,,,,,,,,,,,
552,Mexico,MX,MEX,North America,Extreme temperature,Number of,"The Emergency Events Database (EM-DAT) , Centre for Research on the Epidemiology of Disasters (CRED) / Université catholique de Louvain (UCLouvain), Brussels, Belgium – www.emdat.be. Accessed on 2023-03-31.",ECCD,Climate Related Disasters Frequency,"Environment, Climate Change, Climate Indicators, Climate Related Disasters Frequency",,,,,,,,,1,,1,,2,,,1,,2,1,1,1,,1,1,1,,1,,,,,1,,,,,,,,,,,
563,"Moldova, Rep. of",MD,MDA,Europe,Extreme temperature,Number of,"The Emergency Events Database (EM-DAT) , Centre for Research on the Epidemiology of Disasters (CRED) / Université catholique de Louvain (UCLouvain), Brussels, Belgium – www.emdat.be. Accessed on 2023-03-31.",ECCD,Climate Related Disasters Frequency,"Environment, Climate Change, Climate Indicators, Climate Related Disasters Frequency",,,,,,,,,,,,,,,,,,,,,,,,,,1,,,,,,,1,,,,,,,1,,,
568,Mongolia,MN,MNG,Asia,Extreme temperature,Number of,"The Emergency Events Database (EM-DAT) , Centre for Research on the Epidemiology of Disasters (CRED) / Université catholique de Louvain (UCLouvain), Brussels, Belgium – www.emdat.be. Accessed on 2023-03-31.",ECCD,Climate Related Disasters Frequency,"Environment, Climate Change, Climate Indicators, Climate Related Disasters Frequency",,,,,,,,,,,,,,,,,,,,,,,,,,,,,,1,,,,,,1,1,,1,1,,,1
574,Montenegro,ME,MNE,Europe,Extreme temperature,Number of,"The Emergency Events Database (EM-DAT) , Centre for Research on the Epidemiology of Disasters (CRED) / Université catholique de Louvain (UCLouvain), Brussels, Belgium – www.emdat.be. Accessed on 2023-03-31.",ECCD,Climate Related Disasters Frequency,"Environment, Climate Change, Climate Indicators, Climate Related Disasters Frequency",,,,,,,,,,,,,,,,,,,,,,,,,,,,,,,,,1,,,,,,,,,,
581,Morocco,MA,MAR,Africa,Extreme temperature,Number of,"The Emergency Events Database (EM-DAT) , Centre for Research on the Epidemiology of Disasters (CRED) / Université catholique de Louvain (UCLouvain), Brussels, Belgium – www.emdat.be. Accessed on 2023-03-31.",ECCD,Climate Related Disasters Frequency,"Environment, Climate Change, Climate Indicators, Climate Related Disasters Frequency",,,,,,,,,,,,,,,,,,,,,1,,,,,,,,,,,,1,,,,1,2,1,,,,
601,Nepal,NP,NPL,Asia,Extreme temperature,Number of,"The Emergency Events Database (EM-DAT) , Centre for Research on the Epidemiology of Disasters (CRED) / Université catholique de Louvain (UCLouvain), Brussels, Belgium – www.emdat.be. Accessed on 2023-03-31.",ECCD,Climate Related Disasters Frequency,"Environment, Climate Change, Climate Indicators, Climate Related Disasters Frequency",,,,,,,,,,,,,,,,,,,,,,,1,1,,,,,,1,,2,1,,,,,,1,,,,
609,"Netherlands, The",NL,NLD,Europe,Extreme temperature,Number of,"The Emergency Events Database (EM-DAT) , Centre for Research on the Epidemiology of Disasters (CRED) / Université catholique de Louvain (UCLouvain), Brussels, Belgium – www.emdat.be. Accessed on 2023-03-31.",ECCD,Climate Related Disasters Frequency,"Environment, Climate Change, Climate Indicators, Climate Related Disasters Frequency",,,,,,,,,,,,,,,,,,,,,,,,1,,2,1,,,,,,1,,,,,,1,1,1,,
616,New Zealand,NZ,NZL,Australia,Extreme temperature,Number of,"The Emergency Events Database (EM-DAT) , Centre for Research on the Epidemiology of Disasters (CRED) / Université catholique de Louvain (UCLouvain), Brussels, Belgium – www.emdat.be. Accessed on 2023-03-31.",ECCD,Climate Related Disasters Frequency,"Environment, Climate Change, Climate Indicators, Climate Related Disasters Frequency",,,,,,,,,,,,,,,,,,,,,,1,,,,,,,,,,,,,,,,,,,,,
632,Nigeria,NG,NGA,Africa,Extreme temperature,Number of,"The Emergency Events Database (EM-DAT) , Centre for Research on the Epidemiology of Disasters (CRED) / Université catholique de Louvain (UCLouvain), Brussels, Belgium – www.emdat.be. Accessed on 2023-03-31.",ECCD,Climate Related Disasters Frequency,"Environment, Climate Change, Climate Indicators, Climate Related Disasters Frequency",,,,,,,,,,,,,1,,,,,,,,,,1,,,,,,,,,,,,,,,,,,,,
638,"North Macedonia, Republic of ",MK,MKD,Europe,Extreme temperature,Number of,"The Emergency Events Database (EM-DAT) , Centre for Research on the Epidemiology of Disasters (CRED) / Université catholique de Louvain (UCLouvain), Brussels, Belgium – www.emdat.be. Accessed on 2023-03-31.",ECCD,Climate Related Disasters Frequency,"Environment, Climate Change, Climate Indicators, Climate Related Disasters Frequency",,,,,,,,,,,,,,,,,,,,,,1,,,1,,,1,,,,,1,,1,,,1,,,,,
653,Pakistan,PK,PAK,Asia,Extreme temperature,Number of,"The Emergency Events Database (EM-DAT) , Centre for Research on the Epidemiology of Disasters (CRED) / Université catholique de Louvain (UCLouvain), Brussels, Belgium – www.emdat.be. Accessed on 2023-03-31.",ECCD,Climate Related Disasters Frequency,"Environment, Climate Change, Climate Indicators, Climate Related Disasters Frequency",,,,,,,,,,,1,1,,,,,1,1,,1,1,1,2,1,,1,1,,,,,,,,1,1,,,1,,,,1
674,Paraguay,PY,PRY,South America,Extreme temperature,Number of,"The Emergency Events Database (EM-DAT) , Centre for Research on the Epidemiology of Disasters (CRED) / Université catholique de Louvain (UCLouvain), Brussels, Belgium – www.emdat.be. Accessed on 2023-03-31.",ECCD,Climate Related Disasters Frequency,"Environment, Climate Change, Climate Indicators, Climate Related Disasters Frequency",,,,,,,,,,,,,,,,,,,,,1,,,,1,,,,,,1,,,,,,,,,,,,
680,Peru,PE,PER,South America,Extreme temperature,Number of,"The Emergency Events Database (EM-DAT) , Centre for Research on the Epidemiology of Disasters (CRED) / Université catholique de Louvain (UCLouvain), Brussels, Belgium – www.emdat.be. Accessed on 2023-03-31.",ECCD,Climate Related Disasters Frequency,"Environment, Climate Change, Climate Indicators, Climate Related Disasters Frequency",,,,1,,,,,,,,1,,,,,,,,,,,,1,1,,,1,,1,1,1,1,1,1,1,,,,,,,
693,"Poland, Rep. of",PL,POL,Europe,Extreme temperature,Number of,"The Emergency Events Database (EM-DAT) , Centre for Research on the Epidemiology of Disasters (CRED) / Université catholique de Louvain (UCLouvain), Brussels, Belgium – www.emdat.be. Accessed on 2023-03-31.",ECCD,Climate Related Disasters Frequency,"Environment, Climate Change, Climate Indicators, Climate Related Disasters Frequency",,,,,,,,,,,,,,,,,,1,1,1,1,1,1,,,1,,,1,1,1,1,3,1,1,1,1,,1,,,,
699,Portugal,PT,PRT,Europe,Extreme temperature,Number of,"The Emergency Events Database (EM-DAT) , Centre for Research on the Epidemiology of Disasters (CRED) / Université catholique de Louvain (UCLouvain), Brussels, Belgium – www.emdat.be. Accessed on 2023-03-31.",ECCD,Climate Related Disasters Frequency,"Environment, Climate Change, Climate Indicators, Climate Related Disasters Frequency",,,,,,,,,,,,,,,,,,,,,,,,1,,1,1,,1,,1,,,,,,,,1,,,,1
707,Romania,RO,ROU,Europe,Extreme temperature,Number of,"The Emergency Events Database (EM-DAT) , Centre for Research on the Epidemiology of Disasters (CRED) / Université catholique de Louvain (UCLouvain), Brussels, Belgium – www.emdat.be. Accessed on 2023-03-31.",ECCD,Climate Related Disasters Frequency,"Environment, Climate Change, Climate Indicators, Climate Related Disasters Frequency",,,,,,,,,,,,,,,1,,1,,2,,1,1,1,,1,2,1,2,1,1,1,,1,,1,,,,1,,,,
713,Russian Federation,RU,RUS,Europe/Asia,Extreme temperature,Number of,"The Emergency Events Database (EM-DAT) , Centre for Research on the Epidemiology of Disasters (CRED) / Université catholique de Louvain (UCLouvain), Brussels, Belgium – www.emdat.be. Accessed on 2023-03-31.",ECCD,Climate Related Disasters Frequency,"Environment, Climate Change, Climate Indicators, Climate Related Disasters Frequency",,,,,,,,,,,,,,1,1,2,,1,1,2,3,3,1,,,1,,,,,3,,2,,,,,,,,,,
745,Serbia and Montenegro,CS,SCG,Europe,Extreme temperature,Number of,"The Emergency Events Database (EM-DAT) , Centre for Research on the Epidemiology of Disasters (CRED) / Université catholique de Louvain (UCLouvain), Brussels, Belgium – www.emdat.be. Accessed on 2023-03-31.",ECCD,Climate Related Disasters Frequency,"Environment, Climate Change, Climate Indicators, Climate Related Disasters Frequency",,,,,,,,,,,,,,,,,,,,,1,,,,,1,,,,,,,,,,,,,,,,,
750,"Serbia, Rep. of",RS,SRB,Europe,Extreme temperature,Number of,"The Emergency Events Database (EM-DAT) , Centre for Research on the Epidemiology of Disasters (CRED) / Université catholique de Louvain (UCLouvain), Brussels, Belgium – www.emdat.be. Accessed on 2023-03-31.",ECCD,Climate Related Disasters Frequency,"Environment, Climate Change, Climate Indicators, Climate Related Disasters Frequency",,,,,,,,,,,,,,,,,,,,,,,,,,,,1,,1,2,,3,,1,,,1,,,,,
763,Slovak Rep.,SK,SVK,Europe,Extreme temperature,Number of,"The Emergency Events Database (EM-DAT) , Centre for Research on the Epidemiology of Disasters (CRED) / Université catholique de Louvain (UCLouvain), Brussels, Belgium – www.emdat.be. Accessed on 2023-03-31.",ECCD,Climate Related Disasters Frequency,"Environment, Climate Change, Climate Indicators, Climate Related Disasters Frequency",,,,,,,,,,,,,,,,,,,,,,,,1,,1,,1,,,1,,1,,,,,,,,,,
768,"Slovenia, Rep. of",SI,SVN,Europe,Extreme temperature,Number of,"The Emergency Events Database (EM-DAT) , Centre for Research on the Epidemiology of Disasters (CRED) / Université catholique de Louvain (UCLouvain), Brussels, Belgium – www.emdat.be. Accessed on 2023-03-31.",ECCD,Climate Related Disasters Frequency,"Environment, Climate Change, Climate Indicators, Climate Related Disasters Frequency",,,,,,,,,,,,,,,,,,,,,,,,1,,,,,,,,,,,1,,,,,,,,
781,South Africa,ZA,ZAF,Africa,Extreme temperature,Number of,"The Emergency Events Database (EM-DAT) , Centre for Research on the Epidemiology of Disasters (CRED) / Université catholique de Louvain (UCLouvain), Brussels, Belgium – www.emdat.be. Accessed on 2023-03-31.",ECCD,Climate Related Disasters Frequency,"Environment, Climate Change, Climate Indicators, Climate Related Disasters Frequency",,,,,,,,,,,,,,,,,1,,,,,,,,,,,1,,,,,,,,,1,,,,,,
797,Spain,ES,ESP,Europe,Extreme temperature,Number of,"The Emergency Events Database (EM-DAT) , Centre for Research on the Epidemiology of Disasters (CRED) / Université catholique de Louvain (UCLouvain), Brussels, Belgium – www.emdat.be. Accessed on 2023-03-31.",ECCD,Climate Related Disasters Frequency,"Environment, Climate Change, Climate Indicators, Climate Related Disasters Frequency",,,,,,1,,,,,,,,,,2,,,,,,,,1,1,1,1,,,,,,,,,,,,1,1,,,1
821,Sudan,SD,SDN,Africa,Extreme temperature,Number of,"The Emergency Events Database (EM-DAT) , Centre for Research on the Epidemiology of Disasters (CRED) / Université catholique de Louvain (UCLouvain), Brussels, Belgium – www.emdat.be. Accessed on 2023-03-31.",ECCD,Climate Related Disasters Frequency,"Environment, Climate Change, Climate Indicators, Climate Related Disasters Frequency",,,,,,,,,,,,,,,,,,,,,,,,,,,,,,,,,,,,1,,,,,,,
828,Sweden,SE,SWE,Europe,Extreme temperature,Number of,"The Emergency Events Database (EM-DAT) , Centre for Research on the Epidemiology of Disasters (CRED) / Université catholique de Louvain (UCLouvain), Brussels, Belgium – www.emdat.be. Accessed on 2023-03-31.",ECCD,Climate Related Disasters Frequency,"Environment, Climate Change, Climate Indicators, Climate Related Disasters Frequency",,,,,,,,,,,,,,,,,,,,,,,,,,1,,,,,,,,,,,,,,,,,
833,Switzerland,CH,CHE,Europe,Extreme temperature,Number of,"The Emergency Events Database (EM-DAT) , Centre for Research on the Epidemiology of Disasters (CRED) / Université catholique de Louvain (UCLouvain), Brussels, Belgium – www.emdat.be. Accessed on 2023-03-31.",ECCD,Climate Related Disasters Frequency,"Environment, Climate Change, Climate Indicators, Climate Related Disasters Frequency",,,,,,,,,,,,,,,,,,,,,,1,,1,,1,,,,,1,,2,,,,,,,,,,
844,Taiwan Province of China,TW,TWN,Asia,Extreme temperature,Number of,"The Emergency Events Database (EM-DAT) , Centre for Research on the Epidemiology of Disasters (CRED) / Université catholique de Louvain (UCLouvain), Brussels, Belgium – www.emdat.be. Accessed on 2023-03-31.",ECCD,Climate Related Disasters Frequency,"Environment, Climate Change, Climate Indicators, Climate Related Disasters Frequency",,,,,,,,,,,,,,,,,,,,,,,,,,,,,,,,,,,,,1,,,,,,
850,"Tajikistan, Rep. of",TJ,TJK,Asia,Extreme temperature,Number of,"The Emergency Events Database (EM-DAT) , Centre for Research on the Epidemiology of Disasters (CRED) / Université catholique de Louvain (UCLouvain), Brussels, Belgium – www.emdat.be. Accessed on 2023-03-31.",ECCD,Climate Related Disasters Frequency,"Environment, Climate Change, Climate Indicators, Climate Related Disasters Frequency",,,,,,,,,,,,,,,,,,,,,,,,,,,,,1,,,,1,1,,,,,,,,,
862,Thailand,TH,THA,Asia,Extreme temperature,Number of,"The Emergency Events Database (EM-DAT) , Centre for Research on the Epidemiology of Disasters (CRED) / Université catholique de Louvain (UCLouvain), Brussels, Belgium – www.emdat.be. Accessed on 2023-03-31.",ECCD,Climate Related Disasters Frequency,"Environment, Climate Change, Climate Indicators, Climate Related Disasters Frequency",,,,,,,,,,,,,,,,,,,,,,,,,,,,,,,,,,,1,,1,,,,,,
889,"Türkiye, Rep. of",TR,TUR,Asia,Extreme temperature,Number of,"The Emergency Events Database (EM-DAT) , Centre for Research on the Epidemiology of Disasters (CRED) / Université catholique de Louvain (UCLouvain), Brussels, Belgium – www.emdat.be. Accessed on 2023-03-31.",ECCD,Climate Related Disasters Frequency,"Environment, Climate Change, Climate Indicators, Climate Related Disasters Frequency",,,,,,,,1,,,,,,,1,,,,,,1,1,,,1,1,,1,,,,,,,,,,,,,,,
908,Ukraine,UA,UKR,Europe,Extreme temperature,Number of,"The Emergency Events Database (EM-DAT) , Centre for Research on the Epidemiology of Disasters (CRED) / Université catholique de Louvain (UCLouvain), Brussels, Belgium – www.emdat.be. Accessed on 2023-03-31.",ECCD,Climate Related Disasters Frequency,"Environment, Climate Change, Climate Indicators, Climate Related Disasters Frequency",,,,,,,,,,,,,,,,,,,,,1,,,,,1,,,1,1,,,2,,,,1,1,,,,,
916,United Kingdom,GB,GBR,Europe,Extreme temperature,Number of,"The Emergency Events Database (EM-DAT) , Centre for Research on the Epidemiology of Disasters (CRED) / Université catholique de Louvain (UCLouvain), Brussels, Belgium – www.emdat.be. Accessed on 2023-03-31.",ECCD,Climate Related Disasters Frequency,"Environment, Climate Change, Climate Indicators, Climate Related Disasters Frequency",,,,,,,,,,,,1,,,,,,1,,,,,,1,,2,,,,1,1,,,1,,,,,1,2,1,,1
921,United States,US,USA,North America,Extreme temperature,Number of,"The Emergency Events Database (EM-DAT) , Centre for Research on the Epidemiology of Disasters (CRED) / Université catholique de Louvain (UCLouvain), Brussels, Belgium – www.emdat.be. Accessed on 2023-03-31.",ECCD,Climate Related Disasters Frequency,"Environment, Climate Change, Climate Indicators, Climate Related Disasters Frequency",1,,,1,,,1,1,,1,2,,,1,,2,,,1,1,1,1,1,,1,1,2,,1,1,,1,1,1,1,,,,,,,1,
930,Uruguay,UY,URY,South America,Extreme temperature,Number of,"The Emergency Events Database (EM-DAT) , Centre for Research on the Epidemiology of Disasters (CRED) / Université catholique de Louvain (UCLouvain), Brussels, Belgium – www.emdat.be. Accessed on 2023-03-31.",ECCD,Climate Related Disasters Frequency,"Environment, Climate Change, Climate Indicators, Climate Related Disasters Frequency",,,,,,,,,,,,,,,,,,,,,1,,,,1,,,1,,,1,,,,,,,,,,,,
955,West Bank and Gaza,PS,PSE,Asia,Extreme temperature,Number of,"The Emergency Events Database (EM-DAT) , Centre for Research on the Epidemiology of Disasters (CRED) / Université catholique de Louvain (UCLouvain), Brussels, Belgium – www.emdat.be. Accessed on 2023-03-31.",ECCD,Climate Related Disasters Frequency,"Environment, Climate Change, Climate Indicators, Climate Related Disasters Frequency",,,,,,,,,,,,,,,,,,,,,,,,,,,,,,,,,,,,,,,,,1,,1